{"localPolars":[{"to":"1","quantITheta":100,"quantIPhi":-2,"quantIR":134,"stepTheta":0.017453292519943295,"stepPhi":0.017453292519943295,"stepR":2},{"to":"5","quantITheta":81,"quantIPhi":170,"quantIR":40,"stepTheta":0.017453292519943295,"stepPhi":0.017453292519943295,"stepR":2},{"to":"6","quantITheta":76,"quantIPhi":-144,"quantIR":35,"stepTheta":0.017453292519943295,"stepPhi":0.017453292519943295,"stepR":2}],"localPoleTheta":0,"localPolePhi":0}