{"id":"2","localPolars":[{"quantIPhi":-179,"quantIR":126,"quantITheta":101,"stepPhi":0.017453292519943295,"stepR":2,"stepTheta":0.017453292519943295,"to":"1"},{"quantIPhi":-32,"quantIR":36,"quantITheta":86,"role":"source","stepPhi":0.017453292519943295,"stepR":2,"stepTheta":0.017453292519943295,"to":"5"},{"quantIPhi":7,"quantIR":36,"quantITheta":87,"role":"follower","stepPhi":0.017453292519943295,"stepR":2,"stepTheta":0.017453292519943295,"to":"6"}],"quantIPhi":6,"quantIR":3,"quantITheta":2,"r":113.56330779235572,"scenePolarPhi":1.6478823605551252,"scenePolarR":64.40232863733289,"scenePolarTheta":0.40501738941113197,"stepPhi":0.26179938779914946,"stepR":20,"stepTheta":0.26179938779914946,"type":"HoldNewSendOld"}