{"id":"2","r":113.56330779235572,"scenePolarPhi":1.9492440367475548,"scenePolarR":57.34347422297774,"scenePolarTheta":0.843262294720526,"type":"HoldNewSendOld"}