{"id":"2","localPolars":[{"to":"1","quantITheta":102,"quantIPhi":-167,"quantIR":61,"stepTheta":0.017453292519943295,"stepPhi":0.017453292519943295,"stepR":2},{"to":"5","quantITheta":65,"quantIPhi":-2,"quantIR":40,"stepTheta":0.017453292519943295,"stepPhi":0.017453292519943295,"stepR":2},{"to":"6","quantITheta":75,"quantIPhi":-42,"quantIR":43,"stepTheta":0.017453292519943295,"stepPhi":0.017453292519943295,"stepR":2}],"quantIPhi":6,"quantIR":3,"quantITheta":2,"r":113.56330779235572,"scenePolarPhi":1.5429187044230193,"scenePolarR":63.48819533133646,"scenePolarTheta":0.4434707634912174,"stepPhi":0.26179938779914946,"stepR":20,"stepTheta":0.26179938779914946,"type":"StartHoldNewSendOld"}