{"id":"2","type":"HoldNewSendOld","r":113.56330779235572,"x":179.85505439852994,"y":18.294883916104794,"z":7.131806671452765}