{"id":"2","r":113.56330779235572,"type":"HoldNewSendOld","x":115.9946522656396,"y":36.75571883815071,"z":44.194945279925086}