{"id":"2","localPolars":[{"to":"1","quantITheta":7,"quantIPhi":-11,"quantIR":6,"stepTheta":0.26179938779914946,"stepPhi":0.26179938779914946,"stepR":20},{"to":"5","quantITheta":4,"quantIPhi":0,"quantIR":6,"stepTheta":0.26179938779914946,"stepPhi":0.26179938779914946,"stepR":20},{"to":"6","quantITheta":5,"quantIPhi":-3,"quantIR":6,"stepTheta":0.26179938779914946,"stepPhi":0.26179938779914946,"stepR":20}],"quantIPhi":7,"quantIR":3,"quantITheta":2,"r":113.56330779235572,"stepPhi":0.26179938779914946,"stepR":20.0,"stepTheta":0.26179938779914946,"type":"HoldNewSendOld"}