{"id":"2","r":113.56330779235572,"type":"HoldNewSendOld","x":127.5692655057132,"y":0,"z":0}