{"id":"2","type":"HoldNewSendOld","r":113.56330779235572,"x":170.73437184296756,"y":19.29086512535445,"z":8.780792060998582}