{"id":"2","localPolars":[{"to":"1","dirX":-0.980784805546,"dirY":-0.194446088078,"dirZ":-0.015870855104,"quantIR":126,"stepR":2},{"to":"5","role":"source","dirX":0.9828405308571251,"dirY":0.1376499732710323,"dirZ":0.12278833724327742,"quantIR":35,"stepR":2},{"to":"6","role":"follower","dirX":0.8421642137635875,"dirY":0.18991247070258,"dirZ":-0.5046708734686401,"quantIR":35,"stepR":2}],"quantIPhi":6,"quantIR":3,"quantITheta":2,"r":113.56330779235572,"scenePolarPhi":1.6478823605551252,"scenePolarR":64.40232863733289,"scenePolarTheta":0.40501738941113197,"stepPhi":0.26179938779914946,"stepR":20,"stepTheta":0.26179938779914946,"type":"HoldNewSendOld"}