{"id":"2","localPolars":[{"to":"1","quantITheta":101,"quantIPhi":-167,"quantIR":38,"stepTheta":0.017453292519943295,"stepPhi":0.017453292519943295,"stepR":2},{"to":"5","quantITheta":62,"quantIPhi":-3,"quantIR":38,"stepTheta":0.017453292519943295,"stepPhi":0.017453292519943295,"stepR":2},{"to":"6","quantITheta":73,"quantIPhi":-43,"quantIR":38,"stepTheta":0.017453292519943295,"stepPhi":0.017453292519943295,"stepR":2}],"quantIPhi":5,"quantIR":3,"quantITheta":2,"r":113.56330779235572,"scenePolarPhi":1.4273480122962405,"scenePolarR":61.95142856426584,"scenePolarTheta":0.46733650924062586,"stepPhi":0.26179938779914946,"stepR":20,"stepTheta":0.26179938779914946,"type":"HoldNewSendOld"}