{"id":"2","type":"HoldNewSendOld","r":113.56330779235572,"x":90.883126897318,"y":2.8610087076380406,"z":9.525076483338424}