{"id":"2","type":"HoldNewSendOld","r":113.56330779235572,"x":179.85505439852957,"y":18.29488391610667,"z":7.1318066714545285}