{"id":"2","type":"HoldNewSendOld","r":113.56330779235572,"x":77.8053931476494,"y":0.0639793936865587,"z":8.779636963936905}