{"id":"2","localPolars":[{"to":"1","quantITheta":100,"quantIPhi":-2,"quantIR":134,"stepTheta":0.017453292519943295,"stepPhi":0.017453292519943295,"stepR":2},{"to":"5","quantITheta":81,"quantIPhi":170,"quantIR":38,"stepTheta":0.017453292519943295,"stepPhi":0.017453292519943295,"stepR":2},{"to":"6","quantITheta":78,"quantIPhi":-145,"quantIR":34,"stepTheta":0.017453292519943295,"stepPhi":0.017453292519943295,"stepR":2}],"localPolePhi":0,"localPoleTheta":0,"quantIPhi":4,"quantIR":3,"quantITheta":2,"r":113.56330779235572,"scenePolarPhi":1.0797561395593456,"scenePolarR":64.47727558519273,"scenePolarTheta":0.5114687759759593,"stepPhi":0.26179938779914946,"stepR":20,"stepTheta":0.26179938779914946,"type":"HoldNewSendOld"}