{"id":"2","localPolars":[{"to":"1","quantITheta":100,"quantIPhi":-166,"quantIR":60,"stepTheta":0.017453292519943295,"stepPhi":0.017453292519943295,"stepR":2},{"to":"5","quantITheta":62,"quantIPhi":-4,"quantIR":44,"stepTheta":0.017453292519943295,"stepPhi":0.017453292519943295,"stepR":2},{"to":"6","quantITheta":73,"quantIPhi":-42,"quantIR":44,"stepTheta":0.017453292519943295,"stepPhi":0.017453292519943295,"stepR":2}],"quantIPhi":6,"quantIR":3,"quantITheta":2,"r":113.56330779235572,"scenePolarPhi":1.646797232086343,"scenePolarR":60.119692146797384,"scenePolarTheta":0.5066507057821998,"stepPhi":0.26179938779914946,"stepR":20,"stepTheta":0.26179938779914946,"type":"StartHoldNewSendOld"}