{"id": "2", "type": "HoldNewSendOld", "r": 113.56330779235572, "scenePolarR": 64.5172653726696, "scenePolarTheta": 0.7308918393705189, "scenePolarPhi": 1.895332046613898}
