{"id":"2","localPolars":[{"to":"1","quantITheta":103,"quantIPhi":-168,"quantIR":66,"stepTheta":0.017453292519943295,"stepPhi":0.017453292519943295,"stepR":2},{"to":"5","quantITheta":64,"quantIPhi":-3,"quantIR":38,"stepTheta":0.017453292519943295,"stepPhi":0.017453292519943295,"stepR":2},{"to":"6","quantITheta":76,"quantIPhi":-47,"quantIR":38,"stepTheta":0.017453292519943295,"stepPhi":0.017453292519943295,"stepR":2}],"quantIPhi":5,"quantIR":3,"quantITheta":2,"r":113.56330779235572,"scenePolarPhi":1.2131850839137939,"scenePolarR":67.03903672154586,"scenePolarTheta":0.44732648470661385,"stepPhi":0.26179938779914946,"stepR":20,"stepTheta":0.26179938779914946,"type":"StartHoldNewSendOld"}