{"id":"2","r":113.56330779235572,"type":"HoldNewSendOld","x":112.33800611310568,"y":17.437641254863006,"z":22.160500619441592}