{"id":"2","type":"HoldNewSendOld","r":113.56330779235572,"x":174.67744034365427,"y":23.569310735640563,"z":11.244641352591621}