{"id":"2","type":"HoldNewSendOld","r":113.56330779235572,"x":170.73437184296756,"y":19.290865125354635,"z":8.780792060998717}