{"id":"2","localPolars":[{"to":"1","quantITheta":101,"quantIPhi":-165,"quantIR":57,"stepTheta":0.017453292519943295,"stepPhi":0.017453292519943295,"stepR":2},{"to":"5","quantITheta":65,"quantIPhi":-2,"quantIR":50,"stepTheta":0.017453292519943295,"stepPhi":0.017453292519943295,"stepR":2},{"to":"6","quantITheta":73,"quantIPhi":-41,"quantIR":57,"stepTheta":0.017453292519943295,"stepPhi":0.017453292519943295,"stepR":2}],"quantIPhi":7,"quantIR":3,"quantITheta":2,"r":113.56330779235572,"stepPhi":0.26179938779914946,"stepR":20.0,"stepTheta":0.26179938779914946,"type":"StartHoldNewSendOld"}