{"id":"2","r":113.56330779235572,"type":"HoldNewSendOld","x":106.24296877896087,"y":20.453223806931327,"z":33.46910572722856}