{"id":"2","localPolars":[{"dirX":-0.980784805546,"dirY":-0.194446088078,"dirZ":-0.015870855104,"quantIR":126,"stepR":2,"to":"1"},{"dirX":0.981019179095,"dirY":0.129605429899,"dirZ":0.14423523421,"quantIR":37,"role":"source","stepR":2,"to":"5"},{"dirX":0.842164213764,"dirY":0.189912470703,"dirZ":-0.504670873469,"quantIR":37,"role":"follower","stepR":2,"to":"6"}],"quantIPhi":6,"quantIR":3,"quantITheta":2,"r":113.56330779235572,"scenePolarPhi":1.6478823605551252,"scenePolarR":64.40232863733289,"scenePolarTheta":0.40501738941113197,"stepPhi":0.26179938779914946,"stepR":20,"stepTheta":0.26179938779914946,"type":"HoldNewSendOld"}