{"id":"2","type":"HoldNewSendOld","r":113.56330779235572,"x":113.92799705504038,"y":6.971207739215458,"z":10.973637408837487}