{"id":"2","localPolars":[{"to":"1","quantITheta":90,"quantIPhi":-177,"quantIR":96,"stepTheta":0.017453292519943295,"stepPhi":0.017453292519943295,"stepR":2},{"to":"5","quantITheta":83,"quantIPhi":7,"quantIR":32,"stepTheta":0.017453292519943295,"stepPhi":0.017453292519943295,"stepR":2},{"to":"6","quantITheta":83,"quantIPhi":-38,"quantIR":32,"stepTheta":0.017453292519943295,"stepPhi":0.017453292519943295,"stepR":2}],"quantIPhi":6,"quantIR":3,"quantITheta":2,"r":113.56330779235572,"scenePolarPhi":1.6478823605551252,"scenePolarR":64.40232863733289,"scenePolarTheta":0.40501738941113197,"stepPhi":0.26179938779914946,"stepR":20,"stepTheta":0.26179938779914946,"type":"HoldNewSendOld"}