{"id":"2","type":"HoldNewSendOld","r":113.56330779235572,"x":92.27646322296013,"y":0.07587895812467771,"z":10.412566721129792}