{"name":"ToNext0","side":"left","slot":0,"anchor":{"x":-5.108635459670722,"y":14.655029269107104,"z":0}}