{"localPolars":[{"to":"3","quantITheta":145,"quantIPhi":0,"quantIR":28,"stepTheta":0.017453292519943295,"stepPhi":0.017453292519943295,"stepR":2},{"to":"6","quantITheta":112,"quantIPhi":159,"quantIR":24,"stepTheta":0.017453292519943295,"stepPhi":0.017453292519943295,"stepR":2}],"localPoleTheta":0,"localPolePhi":0}