{"id":"9","r":104.07219384278393,"type":"WindowAndInhibitLeftGate","x":139.45864145863143,"y":74.48175440754576,"z":-29.55078767978389}