{"id": "9", "quantITheta": 1, "quantIPhi": -5, "quantIR": 6, "r": 104.07219384278393, "type": "WindowAndInhibitLeftGate", "stepTheta": 0.26179938779914946, "stepPhi": 0.26179938779914946, "stepR": 20.0}