{"gate":true,"id":"9","localPolars":[{"to":"3","quantITheta":151,"quantIPhi":13,"quantIR":36,"stepTheta":0.017453292519943295,"stepPhi":0.017453292519943295,"stepR":2},{"to":"6","role":"anchor","quantITheta":122,"quantIPhi":149,"quantIR":26,"stepTheta":0.017453292519943295,"stepPhi":0.017453292519943295,"stepR":2}],"localPolePhi":0,"localPoleTheta":0,"quantIPhi":-4,"quantIR":5,"quantITheta":2,"r":104.07219384278393,"scenePolarPhi":-0.9574884067596952,"scenePolarR":109.13904447044177,"scenePolarTheta":0.4074491955125712,"stepPhi":0.26179938779914946,"stepR":20,"stepTheta":0.26179938779914946,"type":"WindowAndInhibitLeftGate"}