{"id":"9","localPolars":[{"to":"3","quantITheta":167,"quantIPhi":176,"quantIR":32,"stepTheta":0.017453292519943295,"stepPhi":0.017453292519943295,"stepR":2},{"to":"6","quantITheta":125,"quantIPhi":4,"quantIR":32,"stepTheta":0.017453292519943295,"stepPhi":0.017453292519943295,"stepR":2}],"quantIPhi":-5,"quantIR":6,"quantITheta":1,"r":104.07219384278393,"stepPhi":0.26179938779914946,"stepR":20.0,"stepTheta":0.26179938779914946,"type":"WindowAndInhibitLeftGate"}