{"id": "9", "type": "WindowAndInhibitLeftGate", "r": 104.07219384278393, "scenePolarR": 94.84077243290203, "scenePolarTheta": 0.5936005075340778, "scenePolarPhi": -1.1123190581836968}
