{"id": "9", "type": "WindowAndInhibitLeftGate", "r": 104.07219384278393, "x": 131.2221026972392, "y": 60.121836795438014, "z": -70.43716628707892}
