{"id": "9", "quantIPhi": 1, "quantIR": 3, "quantITheta": 3, "r": 104.07219384278393, "scenePolarPhi": -1.0294810272082064, "scenePolarR": 106.41954664500577, "scenePolarTheta": 0.6378633357796312, "type": "WindowAndInhibitLeftGate", "reference": "3"}