{"gate":true,"id":"9","localPolars":[{"to":"3","quantITheta":112,"quantIPhi":154,"quantIR":32,"stepTheta":0.017453292519943295,"stepPhi":0.017453292519943295,"stepR":2},{"to":"6","role":"anchor","quantITheta":68,"quantIPhi":-157,"quantIR":32,"stepTheta":0.017453292519943295,"stepPhi":0.017453292519943295,"stepR":2}],"localPolePhi":1.0978373632547058,"localPoleTheta":1.134618734573316,"quantIPhi":-4,"quantIR":6,"quantITheta":1,"r":104.07219384278393,"scenePolarPhi":-1.1664313738911432,"scenePolarR":119.46119748183382,"scenePolarTheta":0.37215031183400993,"stepPhi":0.26179938779914946,"stepR":20,"stepTheta":0.26179938779914946,"type":"WindowAndInhibitLeftGate"}