{"id":"9","gate":true,"localPolars":[{"to":"3","quantITheta":159,"quantIPhi":154,"quantIR":31,"stepTheta":0.017453292519943295,"stepPhi":0.017453292519943295,"stepR":2},{"to":"6","role":"anchor","quantITheta":135,"quantIPhi":36,"quantIR":31,"stepTheta":0.017453292519943295,"stepPhi":0.017453292519943295,"stepR":2}],"quantIPhi":-5,"quantIR":6,"quantITheta":1,"r":104.07219384278393,"scenePolarPhi":-1.2474927048093776,"scenePolarR":117.91838525954216,"scenePolarTheta":0.35379530819299343,"stepPhi":0.26179938779914946,"stepR":20,"stepTheta":0.26179938779914946,"type":"WindowAndInhibitLeftGate"}