{"gate":true,"id":"9","localPolars":[{"dirX":-0.354901169354,"dirY":-0.915332534916,"dirZ":0.190293222464,"quantIR":32,"stepR":2,"to":"3"},{"dirX":0.675482202024,"dirY":-0.59450763691,"dirZ":0.436216075361,"quantIR":32,"role":"anchor","stepR":2,"to":"6"}],"quantIPhi":-4,"quantIR":6,"quantITheta":1,"r":104.07219384278393,"scenePolarPhi":-1.1664313738911432,"scenePolarR":119.46119748183382,"scenePolarTheta":0.37215031183400993,"stepPhi":0.26179938779914946,"stepR":20,"stepTheta":0.26179938779914946,"type":"WindowAndInhibitLeftGate"}