{"id":"9","localPolars":[{"to":"3","quantITheta":158,"quantIPhi":-168,"quantIR":27,"stepTheta":0.017453292519943295,"stepPhi":0.017453292519943295,"stepR":2},{"to":"6","quantITheta":134,"quantIPhi":16,"quantIR":28,"stepTheta":0.017453292519943295,"stepPhi":0.017453292519943295,"stepR":2}],"quantIPhi":-4,"quantIR":5,"quantITheta":1,"r":104.07219384278393,"scenePolarPhi":-0.9810023448205238,"scenePolarR":108.18526263695139,"scenePolarTheta":0.309087316329947,"stepPhi":0.26179938779914946,"stepR":20,"stepTheta":0.26179938779914946,"type":"WindowAndInhibitLeftGate"}