{"id":"9","localPolars":[{"to":"3","quantITheta":11,"quantIPhi":12,"quantIR":3,"stepTheta":0.26179938779914946,"stepPhi":0.26179938779914946,"stepR":20},{"to":"6","quantITheta":8,"quantIPhi":-1,"quantIR":4,"stepTheta":0.26179938779914946,"stepPhi":0.26179938779914946,"stepR":20}],"quantIPhi":-5,"quantIR":6,"quantITheta":1,"r":104.07219384278393,"stepPhi":0.26179938779914946,"stepR":20.0,"stepTheta":0.26179938779914946,"type":"WindowAndInhibitLeftGate"}