{"id":"9","r":104.07219384278393,"type":"WindowAndInhibitLeftGate","x":152.29902055871946,"y":67.88798011946915,"z":-49.851662364516656}