{"id":"9","type":"HoldNewSendOld","r":113.56330779235572,"x":136.68210586998407,"y":-90,"z":40}
