{"gate":true,"id":"9","localPolars":[{"to":"3","quantITheta":145,"quantIPhi":0,"quantIR":28,"stepTheta":0.017453292519943295,"stepPhi":0.017453292519943295,"stepR":2},{"to":"6","quantITheta":114,"quantIPhi":157,"quantIR":25,"stepTheta":0.017453292519943295,"stepPhi":0.017453292519943295,"stepR":2}],"localPolePhi":0,"localPoleTheta":0,"quantIPhi":-3,"quantIR":5,"quantITheta":2,"r":104.07219384278393,"scenePolarPhi":-0.7978050326324448,"scenePolarR":99.54992135211907,"scenePolarTheta":0.4087177215949458,"stepPhi":0.26179938779914946,"stepR":20,"stepTheta":0.26179938779914946,"type":"WindowAndInhibitLeftGate"}