{"id":"9","r":104.07219384278393,"scenePolarPhi":-1.1574093850168996,"scenePolarR":98.1714916721713,"scenePolarTheta":0.5805573311547124,"type":"WindowAndInhibitLeftGate"}