{"id":"9","type":"HoldNewSendOld","r":113.56330779235572,"x":70.5266769001326,"y":17.991774441435354,"z":-22.553006418062505}