{"id":"9","localPolars":[{"to":"3","quantITheta":166,"quantIPhi":176,"quantIR":33,"stepTheta":0.017453292519943295,"stepPhi":0.017453292519943295,"stepR":2},{"to":"6","quantITheta":115,"quantIPhi":-11,"quantIR":37,"stepTheta":0.017453292519943295,"stepPhi":0.017453292519943295,"stepR":2}],"quantIPhi":-5,"quantIR":6,"quantITheta":1,"r":104.07219384278393,"stepPhi":0.26179938779914946,"stepR":20.0,"stepTheta":0.26179938779914946,"type":"WindowAndInhibitLeftGate"}