{"id":"9","r":104.07219384278393,"type":"WindowAndInhibitLeftGate","x":153.2061648508952,"y":67.33405644011467,"z":-44.19494527988638}