{"gate":true,"id":"9","localPolars":[{"to":"3","dirX":-0.354901169353905,"dirY":-0.9153325349158823,"dirZ":0.19029322246390196,"quantIR":32,"stepR":2},{"to":"6","role":"anchor","dirX":0.6336877140053222,"dirY":-0.6131680858144268,"dirZ":0.47166172163679,"quantIR":32,"stepR":2}],"quantIPhi":-4,"quantIR":6,"quantITheta":1,"r":104.07219384278393,"scenePolarPhi":-1.1664313738911432,"scenePolarR":119.46119748183382,"scenePolarTheta":0.37215031183400993,"stepPhi":0.26179938779914946,"stepR":20,"stepTheta":0.26179938779914946,"type":"WindowAndInhibitLeftGate"}