{"id":"1","localPolars":[{"to":"2","quantITheta":5,"quantIPhi":1,"quantIR":6,"stepTheta":0.26179938779914946,"stepPhi":0.26179938779914946,"stepR":20},{"to":"3","quantITheta":5,"quantIPhi":-1,"quantIR":6,"stepTheta":0.26179938779914946,"stepPhi":0.26179938779914946,"stepR":20}],"quantIPhi":-12,"quantIR":6,"quantITheta":5,"r":127.5692655057132,"stepPhi":0.26179938779914946,"stepR":20.0,"stepTheta":0.26179938779914946,"type":"Input"}