{"id":"1","type":"Input","r":127.5692655057132,"x":2.2737367544323206e-12,"y":3.836930773104541e-12,"z":-2.5934809855243657e-13}