{"id":"1","type":"Input","r":127.5692655057132,"x":3.836930773104541e-12,"y":1.4836132322670892e-11,"z":8.164136033883551e-12}