{"id":"1","localPolars":[{"to":"2","quantITheta":80,"quantIPhi":13,"quantIR":59,"stepTheta":0.017453292519943295,"stepPhi":0.017453292519943295,"stepR":2},{"to":"3","quantITheta":79,"quantIPhi":-15,"quantIR":58,"stepTheta":0.017453292519943295,"stepPhi":0.017453292519943295,"stepR":2}],"quantIPhi":-12,"quantIR":6,"quantITheta":5,"r":127.5692655057132,"stepPhi":0.26179938779914946,"stepR":20.0,"stepTheta":0.26179938779914946,"type":"Input"}