{"id":"1","type":"Input","r":127.5692655057132,"x":4.754144051875869,"y":20.447723890800617,"z":1.2320811038080137e-11}