{"id":"1","localPolars":[{"to":"2","quantITheta":90,"quantIPhi":3,"quantIR":96,"stepTheta":0.017453292519943295,"stepPhi":0.017453292519943295,"stepR":2},{"to":"3","quantITheta":92,"quantIPhi":-13,"quantIR":96,"stepTheta":0.017453292519943295,"stepPhi":0.017453292519943295,"stepR":2}],"quantIPhi":12,"quantIR":10,"quantITheta":5,"r":127.5692655057132,"scenePolarPhi":3.0592932022430834,"scenePolarR":202.92906902400838,"scenePolarTheta":1.2742763219200284,"stepPhi":0.26179938779914946,"stepR":20,"stepTheta":0.26179938779914946,"type":"Input"}