{"id":"1","type":"Input","r":127.5692655057132,"x":4.75414405187577,"y":20.447723890805143,"z":1.929034709746702e-11}