{"id":"1","localPolars":[{"to":"2","quantITheta":79,"quantIPhi":13,"quantIR":38,"stepTheta":0.017453292519943295,"stepPhi":0.017453292519943295,"stepR":2},{"to":"3","quantITheta":81,"quantIPhi":-32,"quantIR":38,"stepTheta":0.017453292519943295,"stepPhi":0.017453292519943295,"stepR":2}],"quantIPhi":11,"quantIR":4,"quantITheta":4,"r":127.5692655057132,"scenePolarPhi":2.9908334301206354,"scenePolarR":81.21721513784334,"scenePolarTheta":1.0486362906881426,"stepPhi":0.26179938779914946,"stepR":20,"stepTheta":0.26179938779914946,"type":"Input"}