{"id":"1","type":"Input","r":127.5692655057132,"x":0,"y":3.943512183468556e-13,"z":6.465938895416912e-13}