{"gate":true,"id":"1","localPolars":[{"to":"2","role":"source","quantITheta":80,"quantIPhi":178,"quantIR":134,"stepTheta":0.017453292519943295,"stepPhi":0.017453292519943295,"stepR":2},{"to":"3","role":"follower","quantITheta":82,"quantIPhi":-169,"quantIR":126,"stepTheta":0.017453292519943295,"stepPhi":0.017453292519943295,"stepR":2}],"localPolePhi":0,"localPoleTheta":0,"quantIPhi":12,"quantIR":12,"quantITheta":6,"r":127.5692655057132,"scenePolarPhi":3.0600999696029443,"scenePolarR":249.55125649214514,"scenePolarTheta":1.5312182073709764,"stepPhi":0.26179938779914946,"stepR":20,"stepTheta":0.26179938779914946,"type":"Input"}