{"id":"1","type":"Input","r":127.5692655057132,"x":4.519051799434237e-12,"y":1.9696244635269977e-11,"z":1.2743583965857397e-11}