{"id":"1","type":"Input","r":127.5692655057132,"x":4.249045559845399e-12,"y":1.3558931755142112e-11,"z":8.136602502872847e-12}