{"id": "1", "type": "Input", "r": 127.5692655057132, "scenePolarR": 128.98274182311212, "scenePolarTheta": 1.3222412646164634, "scenePolarPhi": -3.114588260919073}
