{"gate":true,"id":"1","localPolars":[{"to":"2","role":"source","dirX":0.980784805546,"dirY":0.194446088078,"dirZ":0.015870855104,"quantIR":126,"stepR":2},{"to":"3","role":"follower","dirX":0.9662070449641649,"dirY":0.16866391407001685,"dirZ":-0.1949267307277229,"quantIR":126,"stepR":2}],"quantIPhi":12,"quantIR":12,"quantITheta":6,"r":127.5692655057132,"scenePolarPhi":3.056169458764006,"scenePolarR":249.93902371000883,"scenePolarTheta":1.5297758715286305,"stepPhi":0.26179938779914946,"stepR":20,"stepTheta":0.26179938779914946,"type":"Input"}