{"id":"1","type":"Input","r":127.5692655057132,"x":4.661160346586257e-12,"y":1.936939497682033e-11,"z":1.2398970739013748e-11}