{"id":"1","type":"Input","r":127.5692655057132,"x":4.206412995699793e-12,"y":1.41895384331292e-11,"z":7.187139772213413e-12}