{"gate":true,"id":"1","localPolars":[{"to":"2","role":"source","quantITheta":79,"quantIPhi":1,"quantIR":126,"stepTheta":0.017453292519943295,"stepPhi":0.017453292519943295,"stepR":2},{"to":"3","role":"follower","quantITheta":80,"quantIPhi":-11,"quantIR":126,"stepTheta":0.017453292519943295,"stepPhi":0.017453292519943295,"stepR":2}],"quantIPhi":12,"quantIR":12,"quantITheta":6,"r":127.5692655057132,"scenePolarPhi":3.056169458764006,"scenePolarR":249.93902371000883,"scenePolarTheta":1.5297758715286305,"stepPhi":0.26179938779914946,"stepR":20,"stepTheta":0.26179938779914946,"type":"Input"}