{"id":"1","type":"Input","r":127.5692655057132,"x":0,"y":3.7836400679225335e-13,"z":6.590283874174929e-13}