{"id":"1","localPolars":[{"to":"2","quantITheta":81,"quantIPhi":10,"quantIR":56,"stepTheta":0.017453292519943295,"stepPhi":0.017453292519943295,"stepR":2},{"to":"3","quantITheta":82,"quantIPhi":-21,"quantIR":56,"stepTheta":0.017453292519943295,"stepPhi":0.017453292519943295,"stepR":2}],"quantIPhi":12,"quantIR":6,"quantITheta":5,"r":127.5692655057132,"scenePolarPhi":3.060665822389958,"scenePolarR":111.88013285757037,"scenePolarTheta":1.222832206915399,"stepPhi":0.26179938779914946,"stepR":20,"stepTheta":0.26179938779914946,"type":"Input"}