{"name":"FeedbackOut","side":"top","slot":1,"anchor":{"x":-9.230515547215788,"y":13.26378192782596,"z":0}}