{"name":"ToNext1","side":"left","slot":2,"anchor":{"x":9.87885684224267,"y":9.001494524693385,"z":0}}