{"name":"ToNext0","side":"bottom","slot":1,"anchor":{"x":16.321468133000906,"y":-0.8091606360119954,"z":0}}