{"name":"In","side":"right","slot":0,"anchor":{"x":8.039501237108936,"y":-8.263821919923089,"z":0}}