{"name":"In","side":"right","slot":0,"anchor":{"x":4.577469881779621,"y":-8.909405740671787,"z":0}}