{"localPolars":[{"to":"10","quantITheta":52,"quantIPhi":-172,"quantIR":26,"stepTheta":0.017453292519943295,"stepPhi":0.017453292519943295,"stepR":2},{"to":"2","quantITheta":104,"quantIPhi":36,"quantIR":35,"stepTheta":0.017453292519943295,"stepPhi":0.017453292519943295,"stepR":2},{"to":"9","quantITheta":68,"quantIPhi":-21,"quantIR":24,"stepTheta":0.017453292519943295,"stepPhi":0.017453292519943295,"stepR":2}],"localPoleTheta":0,"localPolePhi":0}