{"id":"6","r":132.78033244389852,"type":"Pulse","x":165.69912486705599,"y":26.48834272126542,"z":-44.19494527988638}