{"id": "6", "type": "Pulse", "r": 132.78033244389852, "x": 180.24481573160438, "y": 19.44846741455576, "z": -56.50183422557757}
