{"id":"6","localPolars":[{"to":"10","dirX":0.6534777102757723,"dirY":0.7408348125001617,"dirZ":-0.15534047367181553,"quantIR":33,"stepR":2},{"to":"2","dirX":-0.8421642137635875,"dirY":-0.18991247070258,"dirZ":0.5046708734686401,"quantIR":35,"stepR":2},{"to":"9","dirX":-0.6336877140053222,"dirY":0.6131680858144268,"dirZ":-0.47166172163679,"quantIR":32,"stepR":2}],"quantIPhi":-669283,"quantIR":92885884,"quantITheta":2578064,"r":132.78033244389852,"scenePolarPhi":-0.17521777575667785,"scenePolarR":92.88588432838914,"scenePolarTheta":0.6749355630773355,"stepPhi":2.6179938779914946e-7,"stepR":0.000001,"stepTheta":2.6179938779914946e-7,"type":"Pulse"}