{"id":"6","type":"Excitatory","r":132.78033244389852,"x":77.80539314764945,"y":0.06397939368650896,"z":-8.779636963935067}