{"id":"6","localPolars":[{"to":"10","quantITheta":38,"quantIPhi":-147,"quantIR":29,"stepTheta":0.017453292519943295,"stepPhi":0.017453292519943295,"stepR":2},{"to":"2","quantITheta":102,"quantIPhi":35,"quantIR":34,"stepTheta":0.017453292519943295,"stepPhi":0.017453292519943295,"stepR":2},{"to":"9","quantITheta":61,"quantIPhi":-29,"quantIR":30,"stepTheta":0.017453292519943295,"stepPhi":0.017453292519943295,"stepR":2}],"localPolePhi":0,"localPoleTheta":0,"quantIPhi":-8,"quantIR":5,"quantITheta":45,"r":132.78033244389852,"scenePolarPhi":-0.1442352894511174,"scenePolarR":100.25654315250752,"scenePolarTheta":0.7834430974232949,"stepPhi":0.017453292519943295,"stepR":20,"stepTheta":0.017453292519943295,"type":"Pulse"}