{"id":"6","type":"Pulse","r":132.78033244389852,"x":170.11495266398538,"y":23.56931073564059,"z":-40.69608773530923}