{"id":"6","r":132.78033244389852,"type":"Pulse","x":164.24378007111528,"y":28.40848649723378,"z":-49.851662364516656}