{"id":"6","localPolars":[{"to":"10","quantITheta":4,"quantIPhi":-30,"quantIR":36,"stepTheta":0.017453292519943295,"stepPhi":0.017453292519943295,"stepR":2},{"to":"2","quantITheta":107,"quantIPhi":139,"quantIR":57,"stepTheta":0.017453292519943295,"stepPhi":0.017453292519943295,"stepR":2},{"to":"9","quantITheta":65,"quantIPhi":169,"quantIR":37,"stepTheta":0.017453292519943295,"stepPhi":0.017453292519943295,"stepR":2}],"quantIPhi":-1999520,"quantIR":119950650,"quantITheta":2999172,"r":132.78033244389852,"stepPhi":2.6179938779914946e-7,"stepR":0.000001,"stepTheta":2.6179938779914946e-7,"type":"Pulse"}