{"id":"6","localPolars":[{"to":"10","quantITheta":18,"quantIPhi":-47,"quantIR":41,"stepTheta":0.017453292519943295,"stepPhi":0.017453292519943295,"stepR":2},{"to":"2","quantITheta":108,"quantIPhi":140,"quantIR":44,"stepTheta":0.017453292519943295,"stepPhi":0.017453292519943295,"stepR":2},{"to":"9","quantITheta":55,"quantIPhi":-176,"quantIR":32,"stepTheta":0.017453292519943295,"stepPhi":0.017453292519943295,"stepR":2}],"quantIPhi":-1582237,"quantIR":102924999,"quantITheta":2678809,"r":132.78033244389852,"scenePolarPhi":-0.4142286501177004,"scenePolarR":102.92499855052169,"scenePolarTheta":0.7013104904015938,"stepPhi":2.6179938779914946e-7,"stepR":0.000001,"stepTheta":2.6179938779914946e-7,"type":"Pulse"}