{"id":"6","localPolars":[{"to":"10","quantITheta":4,"quantIPhi":-30,"quantIR":36,"stepTheta":0.017453292519943295,"stepPhi":0.017453292519943295,"stepR":2},{"to":"2","quantITheta":107,"quantIPhi":139,"quantIR":57,"stepTheta":0.017453292519943295,"stepPhi":0.017453292519943295,"stepR":2},{"to":"9","quantITheta":65,"quantIPhi":169,"quantIR":37,"stepTheta":0.017453292519943295,"stepPhi":0.017453292519943295,"stepR":2}],"quantIPhi":-2,"quantIR":6,"quantITheta":3,"r":132.78033244389852,"stepPhi":0.26179938779914946,"stepR":20.0,"stepTheta":0.26179938779914946,"type":"Pulse"}