{"id":"6","localPolars":[{"to":"10","quantITheta":42,"quantIPhi":-155,"quantIR":30,"stepTheta":0.017453292519943295,"stepPhi":0.017453292519943295,"stepR":2},{"to":"2","quantITheta":104,"quantIPhi":40,"quantIR":32,"stepTheta":0.017453292519943295,"stepPhi":0.017453292519943295,"stepR":2},{"to":"9","quantITheta":58,"quantIPhi":-31,"quantIR":26,"stepTheta":0.017453292519943295,"stepPhi":0.017453292519943295,"stepR":2}],"localPolePhi":0,"localPoleTheta":0,"quantIPhi":-11,"quantIR":5,"quantITheta":42,"r":132.78033244389852,"scenePolarPhi":-0.19260278872462844,"scenePolarR":96.42869972924967,"scenePolarTheta":0.7303364191755018,"stepPhi":0.017453292519943295,"stepR":20,"stepTheta":0.017453292519943295,"type":"Pulse"}