{"id":"6","localPolars":[{"dirX":0.63305546524,"dirY":0.762669103657,"dirZ":-0.132576831527,"quantIR":32,"stepR":2,"to":"10"},{"dirX":-0.842164213764,"dirY":-0.189912470703,"dirZ":0.504670873469,"quantIR":37,"stepR":2,"to":"2"},{"dirX":-0.675482202024,"dirY":0.59450763691,"dirZ":-0.436216075361,"quantIR":32,"stepR":2,"to":"9"}],"quantIPhi":-751144,"quantIR":95637107,"quantITheta":2668342,"r":132.78033244389852,"scenePolarPhi":-0.19664890869146814,"scenePolarR":95.63710711380674,"scenePolarTheta":0.698570319458443,"stepPhi":2.6179938779914946e-07,"stepR":1e-06,"stepTheta":2.6179938779914946e-07,"type":"Pulse"}