{"id":"6","r":132.78033244389852,"type":"Pulse","x":175.05265618120526,"y":21.54470015433888,"z":-29.55078767978389}