{"id":"6","r":132.78033244389852,"scenePolarPhi":-0.9472731642811516,"scenePolarR":65.5528147587574,"scenePolarTheta":0.9632304502344256,"type":"Pulse"}