{"id":"6","type":"Pulse","r":132.78033244389852,"x":166.2611772523607,"y":19.29086512535448,"z":-39.80639366345007}