{"id":"6","localPolars":[{"quantIPhi":-40,"quantIR":29,"quantITheta":98,"stepPhi":0.017453292519943295,"stepR":2,"stepTheta":0.017453292519943295,"to":"10"},{"quantIPhi":106,"quantIR":36,"quantITheta":98,"stepPhi":0.017453292519943295,"stepR":2,"stepTheta":0.017453292519943295,"to":"2"},{"quantIPhi":30,"quantIR":32,"quantITheta":166,"stepPhi":0.017453292519943295,"stepR":2,"stepTheta":0.017453292519943295,"to":"9"}],"quantIPhi":-10,"quantIR":5,"quantITheta":39,"r":132.78033244389852,"scenePolarPhi":-0.1818051168794318,"scenePolarR":93.69062413980926,"scenePolarTheta":0.6820320214004337,"stepPhi":0.017453292519943295,"stepR":20.0,"stepTheta":0.017453292519943295,"type":"Pulse"}