{"id":"6","type":"Excitatory","r":132.78033244389852,"x":92.27646322296013,"y":0.07587895812469014,"z":-10.412566721128467}