{"id":"6","r":132.78033244389852,"type":"Excitatory","x":121.15734559819629,"y":-1.1574096256377089,"z":-39.918360590395686}