{"id":"6","type":"Pulse","r":132.78033244389852,"x":175.04911378808788,"y":18.293283872747352,"z":-41.91040844220277}