{"id":"6","localPolars":[{"to":"10","quantITheta":17,"quantIPhi":-46,"quantIR":40,"stepTheta":0.017453292519943295,"stepPhi":0.017453292519943295,"stepR":2},{"to":"2","quantITheta":105,"quantIPhi":138,"quantIR":43,"stepTheta":0.017453292519943295,"stepPhi":0.017453292519943295,"stepR":2},{"to":"9","quantITheta":56,"quantIPhi":-178,"quantIR":33,"stepTheta":0.017453292519943295,"stepPhi":0.017453292519943295,"stepR":2}],"quantIPhi":-1647568,"quantIR":104659484,"quantITheta":2716947,"r":132.78033244389852,"scenePolarPhi":-0.43133232892137535,"scenePolarR":104.6594842542703,"scenePolarTheta":0.711295173313197,"stepPhi":2.6179938779914946e-7,"stepR":0.000001,"stepTheta":2.6179938779914946e-7,"type":"Pulse"}