{"id": "6", "type": "Pulse", "r": 132.78033244389852, "scenePolarR": 70.59429727320193, "scenePolarTheta": 1.0062399660479358, "scenePolarPhi": -0.9233561562026958}
