{"id":"6","localPolars":[{"to":"10","quantITheta":18,"quantIPhi":-46,"quantIR":41,"stepTheta":0.017453292519943295,"stepPhi":0.017453292519943295,"stepR":2},{"to":"2","quantITheta":107,"quantIPhi":138,"quantIR":44,"stepTheta":0.017453292519943295,"stepPhi":0.017453292519943295,"stepR":2},{"to":"9","quantITheta":54,"quantIPhi":-176,"quantIR":32,"stepTheta":0.017453292519943295,"stepPhi":0.017453292519943295,"stepR":2}],"quantIPhi":-1582692,"quantIR":102255289,"quantITheta":2658650,"r":132.78033244389852,"scenePolarPhi":-0.41434783162622246,"scenePolarR":102.25528931134836,"scenePolarTheta":0.6960328766597627,"stepPhi":2.6179938779914946e-7,"stepR":0.000001,"stepTheta":2.6179938779914946e-7,"type":"Pulse"}