{"id":"6","localPolars":[{"to":"10","quantITheta":40,"quantIPhi":-12,"quantIR":32,"stepTheta":0.017453292519943295,"stepPhi":0.017453292519943295,"stepR":2},{"to":"2","quantITheta":101,"quantIPhi":149,"quantIR":37,"stepTheta":0.017453292519943295,"stepPhi":0.017453292519943295,"stepR":2},{"to":"9","quantITheta":54,"quantIPhi":-147,"quantIR":32,"stepTheta":0.017453292519943295,"stepPhi":0.017453292519943295,"stepR":2}],"quantIPhi":-751144,"quantIR":95637107,"quantITheta":2668342,"r":132.78033244389852,"scenePolarPhi":-0.19664890869146814,"scenePolarR":95.63710711380674,"scenePolarTheta":0.698570319458443,"stepPhi":2.6179938779914946e-7,"stepR":0.000001,"stepTheta":2.6179938779914946e-7,"type":"Pulse"}