{"id":"6","type":"Excitatory","r":132.78033244389852,"x":111.33439808981763,"y":6.971207739215437,"z":-26.545452208077116}