{"id":"6","localPolars":[{"to":"10","quantITheta":98,"quantIPhi":-40,"quantIR":29,"stepTheta":0.017453292519943295,"stepPhi":0.017453292519943295,"stepR":2},{"to":"2","quantITheta":98,"quantIPhi":106,"quantIR":36,"stepTheta":0.017453292519943295,"stepPhi":0.017453292519943295,"stepR":2},{"to":"9","quantITheta":166,"quantIPhi":30,"quantIR":32,"stepTheta":0.017453292519943295,"stepPhi":0.017453292519943295,"stepR":2}],"localPolePhi":0.7740282847664424,"localPoleTheta":2.011841782604764,"quantIPhi":-694444,"quantIR":93690624,"quantITheta":2605170,"r":132.78033244389852,"scenePolarPhi":-0.1818051168794318,"scenePolarR":93.69062413980926,"scenePolarTheta":0.6820320214004337,"stepPhi":2.6179938779914946e-7,"stepR":0.000001,"stepTheta":2.6179938779914946e-7,"type":"Pulse"}