{"id":"6","type":"Excitatory","r":132.78033244389852,"x":90.80462228333839,"y":2.861008707638046,"z":-10.246482744225027}