{"id": "6", "quantITheta": 3, "quantIPhi": -2, "quantIR": 6, "r": 132.78033244389852, "type": "Pulse", "stepTheta": 0.26179938779914946, "stepPhi": 0.26179938779914946, "stepR": 20.0}