{"id":"6","type":"Pulse","r":132.78033244389852,"x":175.04919116231622,"y":18.294883916104624,"z":-41.910427491435414}