{"id":"6","localPolars":[{"to":"10","quantITheta":38,"quantIPhi":-9,"quantIR":28,"stepTheta":0.017453292519943295,"stepPhi":0.017453292519943295,"stepR":2},{"to":"2","quantITheta":97,"quantIPhi":140,"quantIR":34,"stepTheta":0.017453292519943295,"stepPhi":0.017453292519943295,"stepR":2},{"to":"9","quantITheta":46,"quantIPhi":-164,"quantIR":28,"stepTheta":0.017453292519943295,"stepPhi":0.017453292519943295,"stepR":2}],"quantIPhi":-1054926,"quantIR":86898597,"quantITheta":2845965,"r":132.78033244389852,"scenePolarPhi":-0.2761789449941955,"scenePolarR":86.8985971852342,"scenePolarTheta":0.7450719659392537,"stepPhi":2.6179938779914946e-7,"stepR":0.000001,"stepTheta":2.6179938779914946e-7,"type":"Pulse"}