{"id":"6","localPolars":[{"to":"10","quantITheta":21,"quantIPhi":-47,"quantIR":42,"stepTheta":0.017453292519943295,"stepPhi":0.017453292519943295,"stepR":2},{"to":"2","quantITheta":107,"quantIPhi":137,"quantIR":38,"stepTheta":0.017453292519943295,"stepPhi":0.017453292519943295,"stepR":2},{"to":"9","quantITheta":52,"quantIPhi":-172,"quantIR":32,"stepTheta":0.017453292519943295,"stepPhi":0.017453292519943295,"stepR":2}],"quantIPhi":-1454818,"quantIR":99059001,"quantITheta":2586082,"r":132.78033244389852,"scenePolarPhi":-0.38087057903114124,"scenePolarR":99.05900127083905,"scenePolarTheta":0.6770346861153704,"stepPhi":2.6179938779914946e-7,"stepR":0.000001,"stepTheta":2.6179938779914946e-7,"type":"Pulse"}