{"id":"6","localPolars":[{"to":"10","quantITheta":0,"quantIPhi":-2,"quantIR":4,"stepTheta":0.26179938779914946,"stepPhi":0.26179938779914946,"stepR":20},{"to":"2","quantITheta":7,"quantIPhi":9,"quantIR":6,"stepTheta":0.26179938779914946,"stepPhi":0.26179938779914946,"stepR":20},{"to":"9","quantITheta":4,"quantIPhi":11,"quantIR":4,"stepTheta":0.26179938779914946,"stepPhi":0.26179938779914946,"stepR":20}],"quantIPhi":-2,"quantIR":6,"quantITheta":3,"r":132.78033244389852,"stepPhi":0.26179938779914946,"stepR":20.0,"stepTheta":0.26179938779914946,"type":"Pulse"}