{"id":"6","localPolars":[{"to":"10","quantITheta":33,"quantIPhi":-9,"quantIR":31,"stepTheta":0.017453292519943295,"stepPhi":0.017453292519943295,"stepR":2},{"to":"2","quantITheta":97,"quantIPhi":142,"quantIR":32,"stepTheta":0.017453292519943295,"stepPhi":0.017453292519943295,"stepR":2},{"to":"9","quantITheta":45,"quantIPhi":-144,"quantIR":31,"stepTheta":0.017453292519943295,"stepPhi":0.017453292519943295,"stepR":2}],"quantIPhi":-1022586,"quantIR":83114664,"quantITheta":2463527,"r":132.78033244389852,"scenePolarPhi":-0.26771243345262674,"scenePolarR":83.11466439449134,"scenePolarTheta":0.6449499403155475,"stepPhi":2.6179938779914946e-7,"stepR":0.000001,"stepTheta":2.6179938779914946e-7,"type":"Pulse"}