{"id":"6","type":"Pulse","r":132.78033244389852,"x":175.0491911623166,"y":18.294883916104517,"z":-41.91042749143516}