{"id":"6","localPolars":[{"to":"10","quantITheta":18,"quantIPhi":-45,"quantIR":41,"stepTheta":0.017453292519943295,"stepPhi":0.017453292519943295,"stepR":2},{"to":"2","quantITheta":104,"quantIPhi":133,"quantIR":38,"stepTheta":0.017453292519943295,"stepPhi":0.017453292519943295,"stepR":2},{"to":"9","quantITheta":55,"quantIPhi":-177,"quantIR":32,"stepTheta":0.017453292519943295,"stepPhi":0.017453292519943295,"stepR":2}],"quantIPhi":-1617508,"quantIR":102759178,"quantITheta":2656616,"r":132.78033244389852,"scenePolarPhi":-0.42346264441424186,"scenePolarR":102.7591783701569,"scenePolarTheta":0.6955005330680056,"stepPhi":2.6179938779914946e-7,"stepR":0.000001,"stepTheta":2.6179938779914946e-7,"type":"Pulse"}