{"id":"6","localPolars":[{"quantIPhi":-40,"quantIR":29,"quantITheta":98,"stepPhi":0.017453292519943295,"stepR":2,"stepTheta":0.017453292519943295,"to":"10"},{"quantIPhi":106,"quantIR":36,"quantITheta":98,"stepPhi":0.017453292519943295,"stepR":2,"stepTheta":0.017453292519943295,"to":"2"},{"quantIPhi":30,"quantIR":32,"quantITheta":166,"stepPhi":0.017453292519943295,"stepR":2,"stepTheta":0.017453292519943295,"to":"9"}],"quantIPhi":-694444,"quantIR":93690624,"quantITheta":2605170,"r":132.78033244389852,"scenePolarPhi":-0.1818051168794318,"scenePolarR":93.69062413980926,"scenePolarTheta":0.6820320214004337,"stepPhi":2.6179938779914946e-07,"stepR":1e-06,"stepTheta":2.6179938779914946e-07,"type":"Pulse"}