{"id":"6","localPolars":[{"to":"10","quantITheta":37,"quantIPhi":-9,"quantIR":28,"stepTheta":0.017453292519943295,"stepPhi":0.017453292519943295,"stepR":2},{"to":"2","quantITheta":97,"quantIPhi":140,"quantIR":35,"stepTheta":0.017453292519943295,"stepPhi":0.017453292519943295,"stepR":2},{"to":"9","quantITheta":46,"quantIPhi":-165,"quantIR":28,"stepTheta":0.017453292519943295,"stepPhi":0.017453292519943295,"stepR":2}],"quantIPhi":-1075866,"quantIR":87476853,"quantITheta":2866755,"r":132.78033244389852,"scenePolarPhi":-0.28166115528128133,"scenePolarR":87.47685340619029,"scenePolarTheta":0.7505148035004655,"stepPhi":2.6179938779914946e-7,"stepR":0.000001,"stepTheta":2.6179938779914946e-7,"type":"Pulse"}