{"id":"6","type":"Pulse","r":132.78033244389852,"x":166.2611772523607,"y":19.290865125354628,"z":-39.806393663450194}