{"scenePolarR":101.62301088133144,"scenePolarTheta":0.7677158227596184,"scenePolarPhi":-0.1702957856835822,"quantITheta":44,"quantIPhi":-10,"quantIR":5,"stepTheta":0.017453292519943295,"stepPhi":0.017453292519943295,"stepR":20}