{"gate":true,"id":"10","localPolars":[{"to":"6","role":"anchor","dirX":-0.6534777102757723,"dirY":-0.7408348125001617,"dirZ":0.15534047367181553,"quantIR":33,"stepR":2},{"to":"8","dirX":0.5719849074145819,"dirY":-0.7372905877155375,"dirZ":0.35949388723038034,"quantIR":28,"stepR":2}],"quantIPhi":-1,"quantIR":8,"quantITheta":3,"r":104.07219384278393,"scenePolarPhi":-0.2005876902237375,"scenePolarR":159.63590162048712,"scenePolarTheta":0.700487468645988,"stepPhi":0.26179938779914946,"stepR":20,"stepTheta":0.26179938779914946,"type":"WindowAndInhibitRightGate"}