{"id":"10","r":104.07219384278393,"type":"WindowAndInhibitRightGate","x":210.23124749132913,"y":74.44849818697239,"z":-18.30360521817533}