{"id": "10", "quantIPhi": 2, "quantIR": 3, "quantITheta": 5, "r": 104.07219384278393, "scenePolarPhi": -0.5850820309206273, "scenePolarR": 120.56693046847901, "scenePolarTheta": 0.7763426073361417, "type": "WindowAndInhibitRightGate", "reference": "6"}