{"id":"10","gate":true,"localPolars":[{"to":"6","role":"anchor","quantITheta":147,"quantIPhi":171,"quantIR":31,"stepTheta":0.017453292519943295,"stepPhi":0.017453292519943295,"stepR":2},{"to":"8","quantITheta":131,"quantIPhi":32,"quantIR":31,"stepTheta":0.017453292519943295,"stepPhi":0.017453292519943295,"stepR":2}],"quantIPhi":-1,"quantIR":7,"quantITheta":2,"r":104.07219384278393,"scenePolarPhi":-0.22274988033686724,"scenePolarR":144.94953410710033,"scenePolarTheta":0.6133587029717601,"stepPhi":0.26179938779914946,"stepR":20,"stepTheta":0.26179938779914946,"type":"WindowAndInhibitRightGate"}