{"gate":true,"id":"10","localPolars":[{"to":"6","role":"anchor","quantITheta":140,"quantIPhi":168,"quantIR":32,"stepTheta":0.017453292519943295,"stepPhi":0.017453292519943295,"stepR":2},{"to":"8","quantITheta":140,"quantIPhi":42,"quantIR":32,"stepTheta":0.017453292519943295,"stepPhi":0.017453292519943295,"stepR":2}],"quantIPhi":-1,"quantIR":8,"quantITheta":3,"r":104.07219384278393,"scenePolarPhi":-0.2005876902237375,"scenePolarR":159.63590162048712,"scenePolarTheta":0.700487468645988,"stepPhi":0.26179938779914946,"stepR":20,"stepTheta":0.26179938779914946,"type":"WindowAndInhibitRightGate"}