{"id":"10","localPolars":[{"to":"6","quantITheta":143,"quantIPhi":171,"quantIR":28,"stepTheta":0.017453292519943295,"stepPhi":0.017453292519943295,"stepR":2},{"to":"8","quantITheta":119,"quantIPhi":31,"quantIR":28,"stepTheta":0.017453292519943295,"stepPhi":0.017453292519943295,"stepR":2}],"quantIPhi":-1,"quantIR":7,"quantITheta":3,"r":104.07219384278393,"scenePolarPhi":-0.23522761308417875,"scenePolarR":142.6925408241056,"scenePolarTheta":0.7116750216903641,"stepPhi":0.26179938779914946,"stepR":20,"stepTheta":0.26179938779914946,"type":"WindowAndInhibitRightGate"}