{"gate":true,"id":"10","localPolars":[{"to":"6","quantITheta":142,"quantIPhi":33,"quantIR":29,"stepTheta":0.017453292519943295,"stepPhi":0.017453292519943295,"stepR":2},{"to":"8","quantITheta":116,"quantIPhi":147,"quantIR":31,"stepTheta":0.017453292519943295,"stepPhi":0.017453292519943295,"stepR":2}],"localPolePhi":0,"localPoleTheta":0,"quantIPhi":-1,"quantIR":8,"quantITheta":3,"r":104.07219384278393,"scenePolarPhi":-0.2878923867222105,"scenePolarR":155.74125685923912,"scenePolarTheta":0.7275015211690058,"stepPhi":0.26179938779914946,"stepR":20,"stepTheta":0.26179938779914946,"type":"WindowAndInhibitRightGate"}