{"id":"10","localPolars":[{"to":"6","quantITheta":176,"quantIPhi":150,"quantIR":36,"stepTheta":0.017453292519943295,"stepPhi":0.017453292519943295,"stepR":2},{"to":"8","quantITheta":122,"quantIPhi":15,"quantIR":27,"stepTheta":0.017453292519943295,"stepPhi":0.017453292519943295,"stepR":2}],"quantIPhi":-2,"quantIR":9,"quantITheta":2,"r":104.07219384278393,"stepPhi":0.26179938779914946,"stepR":20.0,"stepTheta":0.26179938779914946,"type":"WindowAndInhibitRightGate"}