{"id":"10","localPolars":[{"to":"6","quantITheta":12,"quantIPhi":10,"quantIR":4,"stepTheta":0.26179938779914946,"stepPhi":0.26179938779914946,"stepR":20},{"to":"8","quantITheta":8,"quantIPhi":1,"quantIR":3,"stepTheta":0.26179938779914946,"stepPhi":0.26179938779914946,"stepR":20}],"quantIPhi":-2,"quantIR":9,"quantITheta":2,"r":104.07219384278393,"stepPhi":0.26179938779914946,"stepR":20.0,"stepTheta":0.26179938779914946,"type":"WindowAndInhibitRightGate"}