{"id": "10", "type": "WindowAndInhibitRightGate", "r": 104.07219384278393, "scenePolarR": 119.58530418590077, "scenePolarTheta": 0.7714471548280819, "scenePolarPhi": -0.26305468095074647}
