{"gate":true,"id":"10","localPolars":[{"to":"6","role":"anchor","quantITheta":81,"quantIPhi":151,"quantIR":29,"stepTheta":0.017453292519943295,"stepPhi":0.017453292519943295,"stepR":2},{"to":"8","quantITheta":81,"quantIPhi":-130,"quantIR":29,"stepTheta":0.017453292519943295,"stepPhi":0.017453292519943295,"stepR":2}],"localPolePhi":1.8348551613260007,"localPoleTheta":1.2008442821715368,"quantIPhi":-1,"quantIR":8,"quantITheta":3,"r":104.07219384278393,"scenePolarPhi":-0.3041931727926638,"scenePolarR":151.31247660668615,"scenePolarTheta":0.6919497474532719,"stepPhi":0.26179938779914946,"stepR":20,"stepTheta":0.26179938779914946,"type":"WindowAndInhibitRightGate"}