{"id":"10","localPolars":[{"to":"6","quantITheta":163,"quantIPhi":134,"quantIR":40,"stepTheta":0.017453292519943295,"stepPhi":0.017453292519943295,"stepR":2},{"to":"8","quantITheta":128,"quantIPhi":18,"quantIR":25,"stepTheta":0.017453292519943295,"stepPhi":0.017453292519943295,"stepR":2}],"quantIPhi":-2,"quantIR":9,"quantITheta":2,"r":104.07219384278393,"stepPhi":0.26179938779914946,"stepR":20.0,"stepTheta":0.26179938779914946,"type":"WindowAndInhibitRightGate"}