{"gate":true,"id":"10","localPolars":[{"to":"6","quantITheta":130,"quantIPhi":11,"quantIR":26,"stepTheta":0.017453292519943295,"stepPhi":0.017453292519943295,"stepR":2},{"to":"8","quantITheta":123,"quantIPhi":146,"quantIR":21,"stepTheta":0.017453292519943295,"stepPhi":0.017453292519943295,"stepR":2}],"localPolePhi":0,"localPoleTheta":0,"quantIPhi":-1,"quantIR":8,"quantITheta":3,"r":104.07219384278393,"scenePolarPhi":-0.15992164940170495,"scenePolarR":152.4255374159359,"scenePolarTheta":0.8149031012888552,"stepPhi":0.26179938779914946,"stepR":20,"stepTheta":0.26179938779914946,"type":"WindowAndInhibitRightGate"}