{"id": "10", "type": "WindowAndInhibitRightGate", "r": 104.07219384278393, "x": 209.1619091987378, "y": 107.75435657892115, "z": -29.846157816084038}
