{"gate":true,"id":"10","localPolars":[{"dirX":-0.63305546524,"dirY":-0.762669103657,"dirZ":0.132576831527,"quantIR":32,"role":"anchor","stepR":2,"to":"6"},{"dirX":0.478838136372,"dirY":-0.76094335303,"dirZ":0.437811891839,"quantIR":32,"stepR":2,"to":"8"}],"quantIPhi":-1,"quantIR":8,"quantITheta":3,"r":104.07219384278393,"scenePolarPhi":-0.2005876902237375,"scenePolarR":159.63590162048712,"scenePolarTheta":0.700487468645988,"stepPhi":0.26179938779914946,"stepR":20,"stepTheta":0.26179938779914946,"type":"WindowAndInhibitRightGate"}