{"id":"10","type":"Pulse","r":132.78033244389852,"x":70.5266769001326,"y":-60,"z":-40}
