{"name":"FromRight","side":"top","slot":2,"anchor":{"x":7.059124740604432,"y":-4.96054427634607,"z":0}}