{"name":"Out","side":"left","slot":0,"anchor":{"x":-3.9124908514265826,"y":5.95688030843877,"z":0}}