{"name":"Out","side":"left","slot":0,"anchor":{"x":-2.0079409306547973,"y":6.772827539218724,"z":0}}