{"name":"Out","side":"left","slot":0,"anchor":{"x":-4.685123800411418,"y":4.331280015454865,"z":0}}