{"name":"FromLeft","side":"top","slot":1,"anchor":{"x":-6.428623316163566,"y":-4.461454175001506,"z":0}}