{"name":"FeedbackIn","side":"bottom","slot":1,"anchor":{"x":8.617222183746932,"y":10.751292313103875,"z":0}}