{"name":"FeedbackIn","side":"bottom","slot":1,"anchor":{"x":15.245111263768948,"y":9.64496912281561,"z":0}}