{"id":"3","localPolars":[{"to":"1","dirX":-0.9662070449641649,"dirY":-0.16866391407001685,"dirZ":0.1949267307277229,"quantIR":126,"stepR":2},{"to":"9","dirX":0.354901169353905,"dirY":0.9153325349158823,"dirZ":-0.19029322246390196,"quantIR":32,"stepR":2}],"quantIPhi":-7,"quantIR":3,"quantITheta":2,"r":132.78033244389852,"scenePolarPhi":-1.77069166906208,"scenePolarR":59.829742492814674,"scenePolarTheta":0.493089267319919,"stepPhi":0.26179938779914946,"stepR":20,"stepTheta":0.26179938779914946,"type":"Pulse"}