{"id": "3", "type": "Pulse", "r": 132.78033244389852, "scenePolarR": 68.98713165532486, "scenePolarTheta": 0.8005166177888684, "scenePolarPhi": -1.851839408056684}
