{"id": "3", "type": "Pulse", "r": 132.78033244389852, "x": 67.50076747311434, "y": 11.698601747544501, "z": -55.486165115301105}
