{"id":"3","localPolars":[{"to":"1","quantITheta":88,"quantIPhi":167,"quantIR":96,"stepTheta":0.017453292519943295,"stepPhi":0.017453292519943295,"stepR":2},{"to":"9","quantITheta":21,"quantIPhi":-26,"quantIR":31,"stepTheta":0.017453292519943295,"stepPhi":0.017453292519943295,"stepR":2}],"quantIPhi":-7,"quantIR":3,"quantITheta":2,"r":132.78033244389852,"scenePolarPhi":-1.8137067511613072,"scenePolarR":60.54742954344192,"scenePolarTheta":0.5106249437132506,"stepPhi":0.26179938779914946,"stepR":20,"stepTheta":0.26179938779914946,"type":"Pulse"}