{"id":"3","type":"Hold","r":93.08499999999998,"x":240.02094462856883,"y":23.94398084490099,"z":46.93181918414089}