{"id":"3","localPolars":[{"to":"1","quantITheta":101,"quantIPhi":165,"quantIR":58,"stepTheta":0.017453292519943295,"stepPhi":0.017453292519943295,"stepR":2},{"to":"9","quantITheta":13,"quantIPhi":-4,"quantIR":32,"stepTheta":0.017453292519943295,"stepPhi":0.017453292519943295,"stepR":2}],"quantIPhi":-7,"quantIR":3,"quantITheta":2,"r":132.78033244389852,"scenePolarPhi":-1.7775258899608917,"scenePolarR":60.5025444879069,"scenePolarTheta":0.5138769258378595,"stepPhi":0.26179938779914946,"stepR":20,"stepTheta":0.26179938779914946,"type":"Pulse"}