{"id":"3","type":"Hold","r":93.08499999999998,"x":241.13257329806984,"y":4.411937482018402e-11,"z":-1.580957587066223e-13}