{"id":"3","localPolars":[{"to":"1","quantITheta":100,"quantIPhi":169,"quantIR":126,"stepTheta":0.017453292519943295,"stepPhi":0.017453292519943295,"stepR":2},{"to":"9","quantITheta":24,"quantIPhi":-28,"quantIR":32,"stepTheta":0.017453292519943295,"stepPhi":0.017453292519943295,"stepR":2}],"quantIPhi":-7,"quantIR":3,"quantITheta":2,"r":132.78033244389852,"scenePolarPhi":-1.77069166906208,"scenePolarR":59.829742492814674,"scenePolarTheta":0.493089267319919,"stepPhi":0.26179938779914946,"stepR":20,"stepTheta":0.26179938779914946,"type":"Pulse"}