{"id":"3","type":"Hold","r":93.08499999999998,"x":202.01599175405008,"y":86.0419753507113,"z":28.77957262514727}