{"id":"3","localPolars":[{"to":"1","quantITheta":7,"quantIPhi":11,"quantIR":6,"stepTheta":0.26179938779914946,"stepPhi":0.26179938779914946,"stepR":20},{"to":"9","quantITheta":1,"quantIPhi":0,"quantIR":3,"stepTheta":0.26179938779914946,"stepPhi":0.26179938779914946,"stepR":20}],"quantIPhi":-7,"quantIR":3,"quantITheta":2,"r":132.78033244389852,"stepPhi":0.26179938779914946,"stepR":20.0,"stepTheta":0.26179938779914946,"type":"Pulse"}