{"id":"3","type":"Hold","r":93.08499999999998,"x":220.41873507044613,"y":25.901339731332328,"z":19.839143835215886}