{"id":"3","localPolars":[{"to":"1","quantITheta":100,"quantIPhi":11,"quantIR":126,"stepTheta":0.017453292519943295,"stepPhi":0.017453292519943295,"stepR":2},{"to":"9","quantITheta":24,"quantIPhi":-152,"quantIR":36,"stepTheta":0.017453292519943295,"stepPhi":0.017453292519943295,"stepR":2}],"localPolePhi":0,"localPoleTheta":0,"quantIPhi":-7,"quantIR":3,"quantITheta":2,"r":132.78033244389852,"scenePolarPhi":-1.7324666700311286,"scenePolarR":54.26793991197036,"scenePolarTheta":0.5574705924282375,"stepPhi":0.26179938779914946,"stepR":20,"stepTheta":0.26179938779914946,"type":"Pulse"}