{"id":"3","type":"Hold","r":93.08499999999998,"x":233.62654473591152,"y":32.38618443609418,"z":23.632700585904537}