{"id":"3","r":132.78033244389852,"type":"Pulse","x":112.33800611310569,"y":17.437641254863003,"z":-29.55078767978389}