{"id":"3","localPolars":[{"to":"1","quantITheta":98,"quantIPhi":159,"quantIR":56,"stepTheta":0.017453292519943295,"stepPhi":0.017453292519943295,"stepR":2},{"to":"9","quantITheta":22,"quantIPhi":12,"quantIR":27,"stepTheta":0.017453292519943295,"stepPhi":0.017453292519943295,"stepR":2}],"quantIPhi":-6,"quantIR":3,"quantITheta":2,"r":132.78033244389852,"scenePolarPhi":-1.6194487244790445,"scenePolarR":62.04732542639788,"scenePolarTheta":0.5324218927812603,"stepPhi":0.26179938779914946,"stepR":20,"stepTheta":0.26179938779914946,"type":"Pulse"}