{"id":"3","r":93.08499999999998,"type":"Hold","x":241.1325732980689,"y":0,"z":0}