{"id":"3","type":"Hold","r":93.08499999999998,"x":241.13257329806902,"y":3.552713678800501e-13,"z":1.0658141036401503e-14}