{"id":"3","type":"Hold","r":93.08499999999998,"x":241.13257329806902,"y":3.588240815588506e-13,"z":1.4210854715202004e-14}