{"id":"3","r":132.78033244389852,"type":"Pulse","x":106.24296877896087,"y":20.453223806931323,"z":-49.851662364516656}