{"id": "3", "quantITheta": 2, "quantIPhi": -7, "quantIR": 3, "r": 132.78033244389852, "type": "Pulse", "stepTheta": 0.26179938779914946, "stepPhi": 0.26179938779914946, "stepR": 20.0}