{"id":"3","localPolars":[{"dirX":-0.966207044964,"dirY":-0.16866391407,"dirZ":0.194926730728,"quantIR":126,"stepR":2,"to":"1"},{"dirX":0.354901169354,"dirY":0.915332534916,"dirZ":-0.190293222464,"quantIR":32,"stepR":2,"to":"9"}],"quantIPhi":-7,"quantIR":3,"quantITheta":2,"r":132.78033244389852,"scenePolarPhi":-1.77069166906208,"scenePolarR":59.829742492814674,"scenePolarTheta":0.493089267319919,"stepPhi":0.26179938779914946,"stepR":20,"stepTheta":0.26179938779914946,"type":"Pulse"}