{"id":"3","type":"Hold","r":93.08499999999998,"x":234.3161951794111,"y":31.077849082737515,"z":56.61076929457}