{"id":"3","type":"Hold","r":93.08499999999998,"x":239.89840319773288,"y":22.51201623434607,"z":47.44173567483261}