{"id":"3","r":132.78033244389852,"type":"Pulse","x":115.99465226563929,"y":36.75571883815067,"z":-44.19494527988638}