{"id":"3","type":"Hold","r":93.08499999999998,"x":243.58301684508234,"y":52.21883665003966,"z":43.67067857442419}