{"id":"4","r":88.50026596848504,"type":"HoldFlip","x":210.17369550671944,"y":48.05464801389945,"z":-34.22033817237639}