{"id":"4","type":"HoldFlip","r":88.50026596848504,"x":234.422295065521,"y":76.79171168661051,"z":-40.8235016540593}