{"id": "4", "type": "Pacer", "r": 90, "x": 84.13919495733447, "y": -130.23670927208195, "z": -1.5258379198432053}
