{"id":"4","r":90,"type":"Pacer","x":29.641404758878476,"y":-83.46041416906388,"z":1.9712210292471464}