{"id":"4","type":"HoldFlip","r":88.50026596848504,"x":210.1736955067194,"y":48.05464801389961,"z":-34.220338172376415}