{"id":"4","type":"HoldFlip","r":88.50026596848504,"x":160.49353589382457,"y":90.54424604434035,"z":-49.496226048822066}