{"id":"4","r":90,"type":"Pacer","x":32.88753566003287,"y":-97.01350953814426,"z":2.228334159185999}