{"id":"4","r":90,"type":"Pacer","x":30.344385053606793,"y":-86.3954649316994,"z":2.026901305048306}