{"id":"4","type":"HoldFlip","r":88.50026596848504,"x":210.17369550671734,"y":48.054648013905954,"z":-34.22033817237618}