{"id":"4","type":"HoldFlip","r":88.50026596848504,"x":160.49353589382457,"y":90.54424604434033,"z":-49.4962260488219}