{"id":"4","type":"HoldFlip","r":88.50026596848504,"x":189.80859921221372,"y":81.94144145506426,"z":-47.88082398280245}