{"name":"FromPrevChainInhibitorNode","side":"top","slot":1,"anchor":{"x":-14.148620047939175,"y":-0.9206632081692305,"z":0}}