{"name":"FromPrevChainInhibitorNode","side":"top","slot":1,"anchor":{"x":-16.97618919118929,"y":-7.194326489689843,"z":0}}