{"localPolars":[{"to":"5","quantITheta":113,"quantIPhi":-11,"quantIR":33,"stepTheta":0.017453292519943295,"stepPhi":0.017453292519943295,"stepR":2}],"localPoleTheta":0,"localPolePhi":0}