{"id":"7","localPolars":[{"to":"5","dirX":-0.9203591897430643,"dirY":-0.25753450701772607,"dirZ":-0.2943041616264153,"quantIR":36,"stepR":2}],"quantIPhi":1,"quantIR":8,"quantITheta":4,"r":93.08499999999998,"scenePolarPhi":0.39241958281486794,"scenePolarR":168.00526605189512,"scenePolarTheta":1.0249195099193442,"stepPhi":0.26179938779914946,"stepR":20,"stepTheta":0.26179938779914946,"type":"Hold"}