{"id":"7","localPolars":[{"to":"5","quantITheta":133,"quantIPhi":-167,"quantIR":50,"stepTheta":0.017453292519943295,"stepPhi":0.017453292519943295,"stepR":2}],"quantIPhi":1,"quantIR":11,"quantITheta":3,"r":93.08499999999998,"scenePolarPhi":0.264101478131399,"scenePolarR":225.6748048603829,"scenePolarTheta":0.7798670111609682,"stepPhi":0.26179938779914946,"stepR":20,"stepTheta":0.26179938779914946,"type":"Hold"}