{"id":"7","type":"Excitatory","r":64.1218626977778,"x":212.5408324059294,"y":25.901339731332357,"z":-29.527355185010222}