{"id": "7", "quantIPhi": 6, "quantIR": 4, "quantITheta": 4, "r": 93.08499999999998, "scenePolarPhi": 0.40934168391705567, "scenePolarR": 122.8656873429508, "scenePolarTheta": 1.3369814330325263, "type": "Hold", "reference": "5"}