{"id":"7","type":"Excitatory","r":64.1218626977778,"x":234.35528662812743,"y":-11.269323551623632,"z":-36.96448182070888}