{"id":"7","localPolars":[{"to":"5","quantITheta":101,"quantIPhi":-162,"quantIR":35,"stepTheta":0.017453292519943295,"stepPhi":0.017453292519943295,"stepR":2}],"quantIPhi":2,"quantIR":8,"quantITheta":4,"r":93.08499999999998,"scenePolarPhi":0.3937856713835415,"scenePolarR":168.32664960508757,"scenePolarTheta":1.088808689583425,"stepPhi":0.26179938779914946,"stepR":20,"stepTheta":0.26179938779914946,"type":"Hold"}