{"id":"7","type":"Pulse","r":64.1218626977778,"x":240.02094462857082,"y":23.943980844901212,"z":-32.668205841233124}