{"id":"7","type":"Pulse","r":64.1218626977778,"x":233.62654473591152,"y":32.38618443609419,"z":-6.071116463907092}