{"id":"7","localPolars":[{"to":"5","quantITheta":101,"quantIPhi":-162,"quantIR":40,"stepTheta":0.017453292519943295,"stepPhi":0.017453292519943295,"stepR":2}],"quantIPhi":1,"quantIR":9,"quantITheta":4,"r":93.08499999999998,"scenePolarPhi":0.3871223821016696,"scenePolarR":178.19508078395296,"scenePolarTheta":1.1054588479689607,"stepPhi":0.26179938779914946,"stepR":20,"stepTheta":0.26179938779914946,"type":"Hold"}