{"id":"7","type":"Pulse","r":64.1218626977778,"x":243.58301684508234,"y":52.21883665003967,"z":-29.407065231519056}