{"id":"7","r":93.08499999999998,"type":"Hold","x":239.3754019645881,"y":17.184280989461364,"z":50.94624680414006}