{"id":"7","localPolars":[{"to":"5","quantITheta":135,"quantIPhi":-165,"quantIR":40,"stepTheta":0.017453292519943295,"stepPhi":0.017453292519943295,"stepR":2}],"quantIPhi":1,"quantIR":11,"quantITheta":3,"r":93.08499999999998,"stepPhi":0.26179938779914946,"stepR":20.0,"stepTheta":0.26179938779914946,"type":"Hold"}