{"id":"7","localPolars":[{"to":"5","quantITheta":105,"quantIPhi":-17,"quantIR":33,"stepTheta":0.017453292519943295,"stepPhi":0.017453292519943295,"stepR":2}],"localPolePhi":0,"localPoleTheta":0,"quantIPhi":1,"quantIR":9,"quantITheta":4,"r":93.08499999999998,"scenePolarPhi":0.37592402343324965,"scenePolarR":182.18847991019038,"scenePolarTheta":1.0829916339791146,"stepPhi":0.26179938779914946,"stepR":20,"stepTheta":0.26179938779914946,"type":"Hold"}