{"id":"7","localPolars":[{"to":"5","quantITheta":130,"quantIPhi":-168,"quantIR":38,"stepTheta":0.017453292519943295,"stepPhi":0.017453292519943295,"stepR":2}],"quantIPhi":1,"quantIR":10,"quantITheta":3,"r":93.08499999999998,"scenePolarPhi":0.27283081153690836,"scenePolarR":194.71038312665664,"scenePolarTheta":0.7646511192750143,"stepPhi":0.26179938779914946,"stepR":20,"stepTheta":0.26179938779914946,"type":"Hold"}