{"id":"7","localPolars":[{"to":"5","quantITheta":9,"quantIPhi":-11,"quantIR":4,"stepTheta":0.26179938779914946,"stepPhi":0.26179938779914946,"stepR":20}],"quantIPhi":1,"quantIR":11,"quantITheta":3,"r":93.08499999999998,"stepPhi":0.26179938779914946,"stepR":20.0,"stepTheta":0.26179938779914946,"type":"Hold"}