{"id":"7","localPolars":[{"to":"5","quantITheta":130,"quantIPhi":-168,"quantIR":44,"stepTheta":0.017453292519943295,"stepPhi":0.017453292519943295,"stepR":2}],"quantIPhi":1,"quantIR":10,"quantITheta":3,"r":93.08499999999998,"scenePolarPhi":0.26940342004948303,"scenePolarR":207.96987400299227,"scenePolarTheta":0.7733894547288526,"stepPhi":0.26179938779914946,"stepR":20,"stepTheta":0.26179938779914946,"type":"Hold"}