{"id":"7","type":"Pulse","r":64.1218626977778,"x":202.01599175405005,"y":86.04197535071134,"z":-11.217988503150114}