{"id":"7","localPolars":[{"to":"5","quantITheta":130,"quantIPhi":-167,"quantIR":40,"stepTheta":0.017453292519943295,"stepPhi":0.017453292519943295,"stepR":2}],"quantIPhi":1,"quantIR":10,"quantITheta":3,"r":93.08499999999998,"scenePolarPhi":0.27076429456556206,"scenePolarR":204.01966994075067,"scenePolarTheta":0.7758978749566068,"stepPhi":0.26179938779914946,"stepR":20,"stepTheta":0.26179938779914946,"type":"Hold"}