{"id":"7","localPolars":[{"to":"5","quantITheta":104,"quantIPhi":-18,"quantIR":31,"stepTheta":0.017453292519943295,"stepPhi":0.017453292519943295,"stepR":2}],"localPolePhi":0,"localPoleTheta":0,"quantIPhi":1,"quantIR":9,"quantITheta":4,"r":93.08499999999998,"scenePolarPhi":0.3731009305702231,"scenePolarR":181.74279140963876,"scenePolarTheta":1.076095649427279,"stepPhi":0.26179938779914946,"stepR":20,"stepTheta":0.26179938779914946,"type":"Hold"}