{"id":"7","localPolars":[{"dirX":-0.926552760413,"dirY":-0.186367747122,"dirZ":-0.326752268552,"quantIR":33,"stepR":2,"to":"5"}],"quantIPhi":2,"quantIR":8,"quantITheta":4,"r":93.08499999999998,"scenePolarPhi":0.41131744729696695,"scenePolarR":165.86569635698652,"scenePolarTheta":1.0589549055675378,"stepPhi":0.26179938779914946,"stepR":20,"stepTheta":0.26179938779914946,"type":"Hold"}