{"id":"7","localPolars":[{"to":"5","quantITheta":96,"quantIPhi":-178,"quantIR":36,"stepTheta":0.017453292519943295,"stepPhi":0.017453292519943295,"stepR":2}],"localPolePhi":-2.8025556861470817,"localPoleTheta":0.18746381630149744,"quantIPhi":2,"quantIR":9,"quantITheta":4,"r":93.08499999999998,"scenePolarPhi":0.402717224282028,"scenePolarR":171.0899512257882,"scenePolarTheta":1.0011649392213033,"stepPhi":0.26179938779914946,"stepR":20,"stepTheta":0.26179938779914946,"type":"Hold"}