{"id":"7","type":"Excitatory","r":64.1218626977778,"x":234.9932730643597,"y":-0.017585764774603163,"z":-37.13735982454591}