{"id":"7","r":64.1218626977778,"type":"Excitatory","x":234.3552866281271,"y":-11.26932355162408,"z":-36.96448182070874}