{"id":"7","type":"Pulse","r":64.1218626977778,"x":234.31619517941127,"y":31.0778490827374,"z":-42.34715595166483}