{"id": "7", "type": "Hold", "r": 93.08499999999998, "scenePolarR": 122.8656873429508, "scenePolarTheta": 1.3369814330325263, "scenePolarPhi": 0.40934168391705567}
