{"id":"7","localPolars":[{"to":"5","quantITheta":130,"quantIPhi":-167,"quantIR":44,"stepTheta":0.017453292519943295,"stepPhi":0.017453292519943295,"stepR":2}],"quantIPhi":1,"quantIR":10,"quantITheta":3,"r":93.08499999999998,"scenePolarPhi":0.26920445165998996,"scenePolarR":208.30490132068408,"scenePolarTheta":0.7736948271545817,"stepPhi":0.26179938779914946,"stepR":20,"stepTheta":0.26179938779914946,"type":"Hold"}