{"id":"7","localPolars":[{"to":"5","quantITheta":100,"quantIPhi":-162,"quantIR":34,"stepTheta":0.017453292519943295,"stepPhi":0.017453292519943295,"stepR":2}],"quantIPhi":2,"quantIR":8,"quantITheta":4,"r":93.08499999999998,"scenePolarPhi":0.41417524626631547,"scenePolarR":156.40471417016087,"scenePolarTheta":1.0379211296514994,"stepPhi":0.26179938779914946,"stepR":20,"stepTheta":0.26179938779914946,"type":"Hold"}