{"scenePolarR":181.91006342975757,"scenePolarTheta":1.0396779699900678,"scenePolarPhi":0.3459906119030462,"quantITheta":4,"quantIPhi":1,"quantIR":9,"stepTheta":0.26179938779914946,"stepPhi":0.26179938779914946,"stepR":20}