{"localPolars":[{"to":"2","quantITheta":98,"quantIPhi":-11,"quantIR":38,"stepTheta":0.017453292519943295,"stepPhi":0.017453292519943295,"stepR":2},{"to":"7","quantITheta":67,"quantIPhi":169,"quantIR":33,"stepTheta":0.017453292519943295,"stepPhi":0.017453292519943295,"stepR":2},{"to":"8","quantITheta":76,"quantIPhi":-141,"quantIR":33,"stepTheta":0.017453292519943295,"stepPhi":0.017453292519943295,"stepR":2}],"localPoleTheta":0,"localPolePhi":0}