{"id":"5","type":"WindowAndGate","r":104.07219384278393,"x":140.0635870589533,"y":139.14066243400453,"z":-57.69510332363117}