{"id":"5","type":"WindowAndGate","r":104.07219384278393,"x":128.26438724810453,"y":51.93672943513595,"z":-35.0966885273821}