{"id":"5","localPolars":[{"to":"2","quantITheta":97,"quantIPhi":-173,"quantIR":32,"stepTheta":0.017453292519943295,"stepPhi":0.017453292519943295,"stepR":2},{"to":"7","quantITheta":80,"quantIPhi":18,"quantIR":34,"stepTheta":0.017453292519943295,"stepPhi":0.017453292519943295,"stepR":2},{"to":"8","quantITheta":81,"quantIPhi":-24,"quantIR":33,"stepTheta":0.017453292519943295,"stepPhi":0.017453292519943295,"stepR":2}],"quantIPhi":1920309,"quantIR":96590044,"quantITheta":3050875,"r":113.56330779235572,"scenePolarPhi":0.5027356808815882,"scenePolarR":96.59004429185252,"scenePolarTheta":0.798717148679227,"stepPhi":2.61799387799149e-7,"stepR":0.000001,"stepTheta":2.61799387799149e-7,"type":"HoldNewSendOld"}