{"id":"5","r":104.07219384278393,"type":"WindowAndGate","x":132.2010430252104,"y":130.22474700336176,"z":-55.64675372401964}