{"id":"5","localPolars":[{"to":"2","quantITheta":8,"quantIPhi":12,"quantIR":6,"stepTheta":0.26179938779914946,"stepPhi":0.26179938779914946,"stepR":20},{"to":"7","quantITheta":3,"quantIPhi":1,"quantIR":4,"stepTheta":0.26179938779914946,"stepPhi":0.26179938779914946,"stepR":20},{"to":"8","quantITheta":4,"quantIPhi":-4,"quantIR":4,"stepTheta":0.26179938779914946,"stepPhi":0.26179938779914946,"stepR":20}],"quantIPhi":1,"quantIR":7,"quantITheta":3,"r":113.56330779235572,"stepPhi":0.26179938779914946,"stepR":20,"stepTheta":0.26179938779914946,"type":"HoldNewSendOld"}