{"id":"5","localPolars":[{"to":"2","quantITheta":115,"quantIPhi":178,"quantIR":50,"stepTheta":0.017453292519943295,"stepPhi":0.017453292519943295,"stepR":2},{"to":"7","quantITheta":47,"quantIPhi":13,"quantIR":50,"stepTheta":0.017453292519943295,"stepPhi":0.017453292519943295,"stepR":2},{"to":"8","quantITheta":65,"quantIPhi":-59,"quantIR":50,"stepTheta":0.017453292519943295,"stepPhi":0.017453292519943295,"stepR":2}],"quantIPhi":1134219,"quantIR":126909082,"quantITheta":2836679,"r":113.56330779235572,"scenePolarPhi":0.2969378765340776,"scenePolarR":126.90908194647947,"scenePolarTheta":0.7426407288698045,"stepPhi":2.61799387799149e-7,"stepR":0.000001,"stepTheta":2.61799387799149e-7,"type":"HoldNewSendOld"}