{"id":"5","type":"WindowAndInhibitRightGate","r":104.07219384278393,"x":206.79727653787756,"y":114.53565011705902,"z":-25.96419615939202}