{"id":"5","type":"WindowAndGate","r":104.07219384278393,"x":188.18929951700932,"y":119.70108294686096,"z":-63.24782472319379}