{"id":"5","localPolars":[{"to":"2","role":"source","dirX":-0.9828405308571251,"dirY":-0.1376499732710323,"dirZ":-0.12278833724327742,"quantIR":35,"stepR":2},{"to":"7","role":"follower","dirX":0.9203591897430643,"dirY":0.25753450701772607,"dirZ":0.2943041616264153,"quantIR":36,"stepR":2},{"to":"8","role":"follower","dirX":0.8748872158318844,"dirY":0.16009185464198022,"dirZ":-0.45710278674629057,"quantIR":38,"stepR":2}],"quantIPhi":1789518,"quantIR":101898729,"quantITheta":3166122,"r":113.56330779235572,"scenePolarPhi":0.46849461290627853,"scenePolarR":101.89872922117618,"scenePolarTheta":0.8288888623140289,"stepPhi":2.61799387799149e-7,"stepR":0.000001,"stepTheta":2.61799387799149e-7,"type":"HoldNewSendOld"}