{"id":"5","localPolars":[{"to":"2","quantITheta":118,"quantIPhi":176,"quantIR":44,"stepTheta":0.017453292519943295,"stepPhi":0.017453292519943295,"stepR":2},{"to":"7","quantITheta":50,"quantIPhi":13,"quantIR":44,"stepTheta":0.017453292519943295,"stepPhi":0.017453292519943295,"stepR":2},{"to":"8","quantITheta":66,"quantIPhi":-54,"quantIR":44,"stepTheta":0.017453292519943295,"stepPhi":0.017453292519943295,"stepR":2}],"quantIPhi":1181524,"quantIR":121843331,"quantITheta":2683856,"r":113.56330779235572,"scenePolarPhi":0.309322208807195,"scenePolarR":121.84333062623976,"scenePolarTheta":0.7026318289664006,"stepPhi":2.61799387799149e-7,"stepR":0.000001,"stepTheta":2.61799387799149e-7,"type":"HoldNewSendOld"}