{"id":"5","localPolars":[{"to":"2","quantITheta":117,"quantIPhi":178,"quantIR":44,"stepTheta":0.017453292519943295,"stepPhi":0.017453292519943295,"stepR":2},{"to":"7","quantITheta":50,"quantIPhi":12,"quantIR":44,"stepTheta":0.017453292519943295,"stepPhi":0.017453292519943295,"stepR":2},{"to":"8","quantITheta":71,"quantIPhi":-40,"quantIR":44,"stepTheta":0.017453292519943295,"stepPhi":0.017453292519943295,"stepR":2}],"quantIPhi":1208828,"quantIR":121050506,"quantITheta":2703094,"r":113.56330779235572,"scenePolarPhi":0.31647051153635836,"scenePolarR":121.05050613915998,"scenePolarTheta":0.7076682540550825,"stepPhi":2.61799387799149e-7,"stepR":0.000001,"stepTheta":2.61799387799149e-7,"type":"HoldNewSendOld"}