{"id": "5", "quantIPhi": -8, "quantIR": 5, "quantITheta": 2, "r": 113.56330779235572, "scenePolarPhi": 0.26622907497759574, "scenePolarR": 91.5104496560174, "scenePolarTheta": 1.327326971881627, "type": "HoldNewSendOld", "reference": "2"}