{"id":"5","type":"WindowAndGate","r":104.07219384278393,"x":128.26438724810447,"y":51.93672943513576,"z":-35.09668852738195}