{"id": "5", "type": "HoldNewSendOld", "r": 113.56330779235572, "x": 181.50475207101996, "y": 20.38343100185237, "z": 11.353247365303588}
