{"id":"5","localPolars":[{"to":"2","quantITheta":97,"quantIPhi":-173,"quantIR":34,"stepTheta":0.017453292519943295,"stepPhi":0.017453292519943295,"stepR":2},{"to":"7","quantITheta":79,"quantIPhi":18,"quantIR":40,"stepTheta":0.017453292519943295,"stepPhi":0.017453292519943295,"stepR":2},{"to":"8","quantITheta":76,"quantIPhi":-28,"quantIR":36,"stepTheta":0.017453292519943295,"stepPhi":0.017453292519943295,"stepR":2}],"quantIPhi":1771571,"quantIR":102719297,"quantITheta":3435347,"r":113.56330779235572,"scenePolarPhi":0.46379614302275834,"scenePolarR":102.71929664279662,"scenePolarTheta":0.8993718349077585,"stepPhi":2.61799387799149e-7,"stepR":0.000001,"stepTheta":2.61799387799149e-7,"type":"HoldNewSendOld"}