{"id":"5","type":"WindowAndGate","r":104.07219384278393,"x":140.06358705895053,"y":139.14066243400373,"z":-57.69510332363103}