{"id":"5","localPolars":[{"to":"2","quantITheta":114,"quantIPhi":178,"quantIR":57,"stepTheta":0.017453292519943295,"stepPhi":0.017453292519943295,"stepR":2},{"to":"7","quantITheta":45,"quantIPhi":15,"quantIR":40,"stepTheta":0.017453292519943295,"stepPhi":0.017453292519943295,"stepR":2},{"to":"8","quantITheta":66,"quantIPhi":-65,"quantIR":35,"stepTheta":0.017453292519943295,"stepPhi":0.017453292519943295,"stepR":2}],"quantIPhi":1,"quantIR":7,"quantITheta":3,"r":113.56330779235572,"stepPhi":0.26179938779914946,"stepR":20,"stepTheta":0.26179938779914946,"type":"HoldNewSendOld"}