{"id":"5","localPolars":[{"dirX":-0.981019179095,"dirY":-0.129605429899,"dirZ":-0.14423523421,"quantIR":37,"role":"source","stepR":2,"to":"2"},{"dirX":0.926552760413,"dirY":0.186367747122,"dirZ":0.326752268552,"quantIR":33,"role":"follower","stepR":2,"to":"7"},{"dirX":0.903910279853,"dirY":0.067837195278,"dirZ":-0.422308324466,"quantIR":34,"role":"follower","stepR":2,"to":"8"}],"quantIPhi":1800012,"quantIR":104912058,"quantITheta":3269209,"r":113.56330779235572,"scenePolarPhi":0.47124191361929124,"scenePolarR":104.91205826393413,"scenePolarTheta":0.85587684514091,"stepPhi":2.61799387799149e-07,"stepR":1e-06,"stepTheta":2.61799387799149e-07,"type":"HoldNewSendOld"}