{"id":"5","quantIPhi":1,"quantIR":7,"quantITheta":3,"r":113.56330779235572,"stepPhi":0.26179938779914946,"stepR":20,"stepTheta":0.26179938779914946,"type":"HoldNewSendOld"}