{"id":"5","localPolars":[{"to":"2","role":"source","quantITheta":99,"quantIPhi":-10,"quantIR":38,"stepTheta":0.017453292519943295,"stepPhi":0.017453292519943295,"stepR":2},{"to":"7","role":"follower","quantITheta":75,"quantIPhi":163,"quantIR":33,"stepTheta":0.017453292519943295,"stepPhi":0.017453292519943295,"stepR":2},{"to":"8","role":"follower","quantITheta":79,"quantIPhi":-154,"quantIR":38,"stepTheta":0.017453292519943295,"stepPhi":0.017453292519943295,"stepR":2}],"localPolePhi":0,"localPoleTheta":0,"quantIPhi":25,"quantIR":6,"quantITheta":55,"r":113.56330779235572,"scenePolarPhi":0.42910831892118445,"scenePolarR":119.43539654280718,"scenePolarTheta":0.9622100676347707,"stepPhi":0.017453292519943295,"stepR":20,"stepTheta":0.017453292519943295,"type":"HoldNewSendOld"}