{"id":"5","localPolars":[{"to":"2","role":"source","quantITheta":93,"quantIPhi":156,"quantIR":36,"stepTheta":0.017453292519943295,"stepPhi":0.017453292519943295,"stepR":2},{"to":"7","role":"follower","quantITheta":80,"quantIPhi":-32,"quantIR":36,"stepTheta":0.017453292519943295,"stepPhi":0.017453292519943295,"stepR":2},{"to":"8","role":"follower","quantITheta":87,"quantIPhi":12,"quantIR":36,"stepTheta":0.017453292519943295,"stepPhi":0.017453292519943295,"stepR":2}],"localPolePhi":2.8664597556165954,"localPoleTheta":0.1402400601089231,"quantIPhi":1873377,"quantIR":104862777,"quantITheta":3117650,"r":113.56330779235572,"scenePolarPhi":0.49044885554663853,"scenePolarR":104.86277660955685,"scenePolarTheta":0.8161989502243009,"stepPhi":2.61799387799149e-7,"stepR":0.000001,"stepTheta":2.61799387799149e-7,"type":"HoldNewSendOld"}