{"id":"5","localPolars":[{"to":"2","role":"source","quantITheta":101,"quantIPhi":-8,"quantIR":39,"stepTheta":0.017453292519943295,"stepPhi":0.017453292519943295,"stepR":2},{"to":"7","role":"follower","quantITheta":76,"quantIPhi":162,"quantIR":31,"stepTheta":0.017453292519943295,"stepPhi":0.017453292519943295,"stepR":2},{"to":"8","role":"follower","quantITheta":81,"quantIPhi":-155,"quantIR":37,"stepTheta":0.017453292519943295,"stepPhi":0.017453292519943295,"stepR":2}],"localPolePhi":0,"localPoleTheta":0,"quantIPhi":23,"quantIR":6,"quantITheta":54,"r":113.56330779235572,"scenePolarPhi":0.4050306992284097,"scenePolarR":122.02925901079938,"scenePolarTheta":0.9440913732244434,"stepPhi":0.017453292519943295,"stepR":20,"stepTheta":0.017453292519943295,"type":"HoldNewSendOld"}