{"id":"5","localPolars":[{"to":"2","quantITheta":115,"quantIPhi":178,"quantIR":40,"stepTheta":0.017453292519943295,"stepPhi":0.017453292519943295,"stepR":2},{"to":"7","quantITheta":50,"quantIPhi":12,"quantIR":40,"stepTheta":0.017453292519943295,"stepPhi":0.017453292519943295,"stepR":2},{"to":"8","quantITheta":65,"quantIPhi":-53,"quantIR":40,"stepTheta":0.017453292519943295,"stepPhi":0.017453292519943295,"stepR":2}],"quantIPhi":1138613,"quantIR":124582727,"quantITheta":2738767,"r":113.56330779235572,"scenePolarPhi":0.29808809416360427,"scenePolarR":124.58272730066402,"scenePolarTheta":0.7170076450091186,"stepPhi":2.61799387799149e-7,"stepR":0.000001,"stepTheta":2.61799387799149e-7,"type":"HoldNewSendOld"}