{"id":"5","type":"WindowAndGate","r":104.07219384278393,"x":132.20104302521042,"y":130.22474700336167,"z":-55.6467537240197}