{"id":"5","type":"WindowAndInhibitRightGate","r":104.07219384278393,"x":188.1892995170093,"y":119.70108294686096,"z":-63.24782472319377}