{"id":"5","localPolars":[{"to":"2","role":"source","quantITheta":97,"quantIPhi":-172,"quantIR":37,"stepTheta":0.017453292519943295,"stepPhi":0.017453292519943295,"stepR":2},{"to":"7","role":"follower","quantITheta":79,"quantIPhi":19,"quantIR":33,"stepTheta":0.017453292519943295,"stepPhi":0.017453292519943295,"stepR":2},{"to":"8","role":"follower","quantITheta":86,"quantIPhi":-25,"quantIR":34,"stepTheta":0.017453292519943295,"stepPhi":0.017453292519943295,"stepR":2}],"quantIPhi":1800012,"quantIR":104912058,"quantITheta":3269209,"r":113.56330779235572,"scenePolarPhi":0.47124191361929124,"scenePolarR":104.91205826393413,"scenePolarTheta":0.85587684514091,"stepPhi":2.61799387799149e-7,"stepR":0.000001,"stepTheta":2.61799387799149e-7,"type":"HoldNewSendOld"}