{"id":"5","type":"WindowAndGate","r":104.07219384278393,"x":140.06358705894948,"y":139.14066243400308,"z":-57.69510332363251}