{"id": "5", "quantIPhi": 1, "quantIR": 7, "quantITheta": 3, "r": 113.56330779235572, "type": "HoldNewSendOld", "stepTheta": 0.26179938779914946, "stepPhi": 0.26179938779914946, "stepR": 20.0}