{"id":"5","type":"WindowAndInhibitRightGate","r":104.07219384278393,"x":207.45508395936758,"y":109.67110937015694,"z":-25.967898584546123}