{"id":"5","localPolars":[{"to":"2","quantITheta":114,"quantIPhi":178,"quantIR":57,"stepTheta":0.017453292519943295,"stepPhi":0.017453292519943295,"stepR":2},{"to":"7","quantITheta":45,"quantIPhi":15,"quantIR":40,"stepTheta":0.017453292519943295,"stepPhi":0.017453292519943295,"stepR":2},{"to":"8","quantITheta":66,"quantIPhi":-65,"quantIR":35,"stepTheta":0.017453292519943295,"stepPhi":0.017453292519943295,"stepR":2}],"quantIPhi":1006470,"quantIR":139426299,"quantITheta":2994408,"r":113.56330779235572,"stepPhi":2.61799387799149e-7,"stepR":0.000001,"stepTheta":2.61799387799149e-7,"type":"HoldNewSendOld"}