{"id":"5","localPolars":[{"to":"2","quantITheta":118,"quantIPhi":177,"quantIR":38,"stepTheta":0.017453292519943295,"stepPhi":0.017453292519943295,"stepR":2},{"to":"7","quantITheta":50,"quantIPhi":12,"quantIR":38,"stepTheta":0.017453292519943295,"stepPhi":0.017453292519943295,"stepR":2},{"to":"8","quantITheta":71,"quantIPhi":-38,"quantIR":38,"stepTheta":0.017453292519943295,"stepPhi":0.017453292519943295,"stepR":2}],"quantIPhi":1226525,"quantIR":118674538,"quantITheta":2646077,"r":113.56330779235572,"scenePolarPhi":0.32110350905876384,"scenePolarR":118.67453770263448,"scenePolarTheta":0.6927413755611878,"stepPhi":2.61799387799149e-7,"stepR":0.000001,"stepTheta":2.61799387799149e-7,"type":"HoldNewSendOld"}