{"id": "5", "type": "HoldNewSendOld", "r": 113.56330779235572, "scenePolarR": 61.214827816042785, "scenePolarTheta": 1.0271127477856559, "scenePolarPhi": 0.15287325073550487}
