{"id":"5","type":"WindowAndInhibitRightGate","r":104.07219384278393,"x":195.6298798031591,"y":121.11575526281291,"z":-63.438767443834344}