{"id":"5","localPolars":[{"quantIPhi":156,"quantIR":36,"quantITheta":93,"role":"source","stepPhi":0.017453292519943295,"stepR":2,"stepTheta":0.017453292519943295,"to":"2"},{"quantIPhi":-32,"quantIR":36,"quantITheta":80,"role":"follower","stepPhi":0.017453292519943295,"stepR":2,"stepTheta":0.017453292519943295,"to":"7"},{"quantIPhi":12,"quantIR":36,"quantITheta":87,"role":"follower","stepPhi":0.017453292519943295,"stepR":2,"stepTheta":0.017453292519943295,"to":"8"}],"quantIPhi":1873377,"quantIR":104862777,"quantITheta":3117650,"r":113.56330779235572,"scenePolarPhi":0.49044885554663853,"scenePolarR":104.86277660955685,"scenePolarTheta":0.8161989502243009,"stepPhi":2.61799387799149e-07,"stepR":1e-06,"stepTheta":2.61799387799149e-07,"type":"HoldNewSendOld"}