{"id":"5","localPolars":[{"to":"2","quantITheta":97,"quantIPhi":-173,"quantIR":35,"stepTheta":0.017453292519943295,"stepPhi":0.017453292519943295,"stepR":2},{"to":"7","quantITheta":79,"quantIPhi":18,"quantIR":35,"stepTheta":0.017453292519943295,"stepPhi":0.017453292519943295,"stepR":2},{"to":"8","quantITheta":76,"quantIPhi":-28,"quantIR":35,"stepTheta":0.017453292519943295,"stepPhi":0.017453292519943295,"stepR":2}],"quantIPhi":1748205,"quantIR":103526063,"quantITheta":3435162,"r":113.56330779235572,"scenePolarPhi":0.4576790555437571,"scenePolarR":103.5260626458168,"scenePolarTheta":0.8993234369896743,"stepPhi":2.61799387799149e-7,"stepR":0.000001,"stepTheta":2.61799387799149e-7,"type":"HoldNewSendOld"}