{"scenePolarR":118.62915973737204,"scenePolarTheta":0.9768204923783954,"scenePolarPhi":0.4444608406445986,"quantITheta":56,"quantIPhi":25,"quantIR":6,"stepTheta":0.017453292519943295,"stepPhi":0.017453292519943295,"stepR":20}