{"scenePolarR":122.76023222231554,"scenePolarTheta":0.9778725655625138,"scenePolarPhi":0.41607877466895105,"quantITheta":56,"quantIPhi":24,"quantIR":6,"stepTheta":0.017453292519943295,"stepPhi":0.017453292519943295,"stepR":20}