{"name":"ToChainInhibitor","side":"right","slot":1,"anchor":{"x":18.951698566460195,"y":-3.197766526835551,"z":0}}