{"localPolars":[{"to":"10","quantITheta":57,"quantIPhi":-34,"quantIR":21,"stepTheta":0.017453292519943295,"stepPhi":0.017453292519943295,"stepR":2},{"to":"5","quantITheta":103,"quantIPhi":41,"quantIR":31,"stepTheta":0.017453292519943295,"stepPhi":0.017453292519943295,"stepR":2}],"localPoleTheta":0,"localPolePhi":0}