{"id":"8","type":"Pacer","r":90,"x":42.13560119397663,"y":-81.13642045645243,"z":0.3572044340316225}