{"id":"8","localPolars":[{"to":"10","quantITheta":49,"quantIPhi":-148,"quantIR":31,"stepTheta":0.017453292519943295,"stepPhi":0.017453292519943295,"stepR":2},{"to":"5","quantITheta":99,"quantIPhi":156,"quantIR":33,"stepTheta":0.017453292519943295,"stepPhi":0.017453292519943295,"stepR":2}],"quantIPhi":0,"quantIR":7,"quantITheta":4,"r":64.1218626977778,"scenePolarPhi":0.049458107578347385,"scenePolarR":143.70166955549624,"scenePolarTheta":1.0014951025838,"stepPhi":0.26179938779914946,"stepR":20,"stepTheta":0.26179938779914946,"type":"Pulse"}