{"id":"8","localPolars":[{"to":"10","quantITheta":79,"quantIPhi":-34,"quantIR":29,"stepTheta":0.017453292519943295,"stepPhi":0.017453292519943295,"stepR":2},{"to":"5","quantITheta":124,"quantIPhi":34,"quantIR":36,"stepTheta":0.017453292519943295,"stepPhi":0.017453292519943295,"stepR":2}],"localPolePhi":0.011211669149822523,"localPoleTheta":0.46462396192714195,"quantIPhi":0,"quantIR":8,"quantITheta":4,"r":64.1218626977778,"scenePolarPhi":0.02572074864377423,"scenePolarR":154.91126518741353,"scenePolarTheta":0.9885307728987994,"stepPhi":0.26179938779914946,"stepR":20,"stepTheta":0.26179938779914946,"type":"Pulse"}