{"id":"8","localPolars":[{"dirX":-0.478838136372,"dirY":0.76094335303,"dirZ":-0.437811891839,"quantIR":32,"stepR":2,"to":"10"},{"dirX":-0.903910279853,"dirY":-0.067837195278,"dirZ":0.422308324466,"quantIR":34,"stepR":2,"to":"5"}],"quantIPhi":0,"quantIR":8,"quantITheta":4,"r":64.1218626977778,"scenePolarPhi":0.057114107872997484,"scenePolarR":150.74380411031564,"scenePolarTheta":1.0626495941121332,"stepPhi":0.26179938779914946,"stepR":20,"stepTheta":0.26179938779914946,"type":"Pulse"}