{"id":"8","localPolars":[{"quantIPhi":-34,"quantIR":29,"quantITheta":79,"stepPhi":0.017453292519943295,"stepR":2,"stepTheta":0.017453292519943295,"to":"10"},{"quantIPhi":34,"quantIR":36,"quantITheta":124,"stepPhi":0.017453292519943295,"stepR":2,"stepTheta":0.017453292519943295,"to":"5"}],"quantIPhi":0,"quantIR":8,"quantITheta":4,"r":64.1218626977778,"scenePolarPhi":0.02572074864377423,"scenePolarR":154.91126518741353,"scenePolarTheta":0.9885307728987994,"stepPhi":0.26179938779914946,"stepR":20,"stepTheta":0.26179938779914946,"type":"Pulse"}