{"id":"8","type":"Pacer","r":90,"x":60.9926477130111,"y":-97.09408832354116,"z":-1.1144083051823026}