{"id": "8", "type": "Pulse", "r": 64.1218626977778, "scenePolarR": 132.44765919636816, "scenePolarTheta": 1.321663674572673, "scenePolarPhi": -0.23017195693401246}
