{"id":"8","localPolars":[{"to":"10","quantITheta":4,"quantIPhi":-11,"quantIR":3,"stepTheta":0.26179938779914946,"stepPhi":0.26179938779914946,"stepR":20},{"to":"5","quantITheta":8,"quantIPhi":8,"quantIR":4,"stepTheta":0.26179938779914946,"stepPhi":0.26179938779914946,"stepR":20}],"quantIPhi":-1,"quantIR":9,"quantITheta":3,"r":64.1218626977778,"stepPhi":0.26179938779914946,"stepR":20.0,"stepTheta":0.26179938779914946,"type":"Pulse"}