{"id":"8","type":"Pacer","r":90,"x":91.51231653982553,"y":-145.67829530240155,"z":-1.6720389981681922}