{"id":"8","localPolars":[{"to":"10","quantITheta":68,"quantIPhi":173,"quantIR":28,"stepTheta":0.017453292519943295,"stepPhi":0.017453292519943295,"stepR":2},{"to":"5","quantITheta":115,"quantIPhi":121,"quantIR":50,"stepTheta":0.017453292519943295,"stepPhi":0.017453292519943295,"stepR":2}],"quantIPhi":-1,"quantIR":10,"quantITheta":3,"r":64.1218626977778,"scenePolarPhi":-0.3800433170192417,"scenePolarR":193.8813675672962,"scenePolarTheta":0.7972348496253733,"stepPhi":0.26179938779914946,"stepR":20,"stepTheta":0.26179938779914946,"type":"Pulse"}