{"id":"8","type":"Pacer","r":90,"x":96.23503609863434,"y":-153.19638423878132,"z":-1.7583287084196657}