{"id":"8","r":90,"type":"Pacer","x":34.37673468494898,"y":-120.26260817017194,"z":-25.081122187323817}