{"id":"8","type":"Pacer","r":90,"x":25.02402425652879,"y":-87.54334731279141,"z":-18.25742368345295}