{"id": "8", "quantITheta": 3, "quantIPhi": -1, "quantIR": 9, "r": 64.1218626977778, "type": "Pulse", "stepTheta": 0.26179938779914946, "stepPhi": 0.26179938779914946, "stepR": 20.0}