{"id":"8","r":64.1218626977778,"type":"Pulse","x":254.70089999644892,"y":21.37425039359096,"z":-25.908705263429912}