{"id":"8","localPolars":[{"to":"10","quantITheta":61,"quantIPhi":-165,"quantIR":36,"stepTheta":0.017453292519943295,"stepPhi":0.017453292519943295,"stepR":2},{"to":"5","quantITheta":109,"quantIPhi":140,"quantIR":44,"stepTheta":0.017453292519943295,"stepPhi":0.017453292519943295,"stepR":2}],"quantIPhi":-1,"quantIR":9,"quantITheta":3,"r":64.1218626977778,"scenePolarPhi":-0.20243822510677656,"scenePolarR":185.98573896073952,"scenePolarTheta":0.8632823862891896,"stepPhi":0.26179938779914946,"stepR":20,"stepTheta":0.26179938779914946,"type":"Pulse"}