{"id":"8","type":"Pacer","r":90,"x":91.5123165398243,"y":-145.67829530240127,"z":-1.6720389981676007}