{"id":"8","localPolars":[{"to":"10","quantITheta":59,"quantIPhi":-174,"quantIR":26,"stepTheta":0.017453292519943295,"stepPhi":0.017453292519943295,"stepR":2},{"to":"5","quantITheta":114,"quantIPhi":126,"quantIR":44,"stepTheta":0.017453292519943295,"stepPhi":0.017453292519943295,"stepR":2}],"quantIPhi":-1,"quantIR":9,"quantITheta":3,"r":64.1218626977778,"scenePolarPhi":-0.32191840538785116,"scenePolarR":181.8624434246156,"scenePolarTheta":0.7808115128539413,"stepPhi":0.26179938779914946,"stepR":20,"stepTheta":0.26179938779914946,"type":"Pulse"}