{"id": "8", "type": "Pulse", "r": 64.1218626977778, "x": 239.89840319773288, "y": 22.512016234346092, "z": -24.952452969649368}
