{"id":"8","type":"Pacer","r":90,"x":30.948479881853757,"y":-69.18747600108644,"z":-19.648157141144786}