{"id":"8","localPolars":[{"to":"10","quantITheta":57,"quantIPhi":-34,"quantIR":21,"stepTheta":0.017453292519943295,"stepPhi":0.017453292519943295,"stepR":2},{"to":"5","quantITheta":103,"quantIPhi":39,"quantIR":32,"stepTheta":0.017453292519943295,"stepPhi":0.017453292519943295,"stepR":2}],"localPolePhi":0,"localPoleTheta":0,"quantIPhi":0,"quantIR":8,"quantITheta":4,"r":64.1218626977778,"scenePolarPhi":0.013124422813811522,"scenePolarR":160.62646678278193,"scenePolarTheta":1.0336084740701186,"stepPhi":0.26179938779914946,"stepR":20,"stepTheta":0.26179938779914946,"type":"Pulse"}