{"id": "8", "quantIPhi": -6, "quantIR": 5, "quantITheta": 5, "r": 64.1218626977778, "scenePolarPhi": -0.37934600022049064, "scenePolarR": 133.07613880486267, "scenePolarTheta": 1.174413753658842, "type": "Pulse", "reference": "5"}