{"id":"8","type":"Pacer","r":90,"x":96.23503609864608,"y":-153.19638423878777,"z":-1.7583287084249477}