{"id":"8","localPolars":[{"to":"10","quantITheta":64,"quantIPhi":-33,"quantIR":31,"stepTheta":0.017453292519943295,"stepPhi":0.017453292519943295,"stepR":2},{"to":"5","quantITheta":99,"quantIPhi":25,"quantIR":37,"stepTheta":0.017453292519943295,"stepPhi":0.017453292519943295,"stepR":2}],"localPolePhi":0,"localPoleTheta":0,"quantIPhi":0,"quantIR":9,"quantITheta":4,"r":64.1218626977778,"scenePolarPhi":0.053292398898832756,"scenePolarR":177.08646608282712,"scenePolarTheta":1.0862912138135314,"stepPhi":0.26179938779914946,"stepR":20,"stepTheta":0.26179938779914946,"type":"Pulse"}