{"id":"8","type":"Pacer","r":90,"x":96.23503609864619,"y":-153.19638423878794,"z":-1.7583287084252675}