{"id":"8","localPolars":[{"to":"10","dirX":-0.5719849074145819,"dirY":0.7372905877155375,"dirZ":-0.35949388723038034,"quantIR":28,"stepR":2},{"to":"5","dirX":-0.8748872158318844,"dirY":-0.16009185464198022,"dirZ":0.45710278674629057,"quantIR":38,"stepR":2}],"quantIPhi":0,"quantIR":8,"quantITheta":4,"r":64.1218626977778,"scenePolarPhi":-0.00325187148416827,"scenePolarR":155.46796284674252,"scenePolarTheta":1.023645189175345,"stepPhi":0.26179938779914946,"stepR":20,"stepTheta":0.26179938779914946,"type":"Pulse"}