{"id":"8","localPolars":[{"to":"10","quantITheta":56,"quantIPhi":-168,"quantIR":26,"stepTheta":0.017453292519943295,"stepPhi":0.017453292519943295,"stepR":2},{"to":"5","quantITheta":114,"quantIPhi":125,"quantIR":40,"stepTheta":0.017453292519943295,"stepPhi":0.017453292519943295,"stepR":2}],"quantIPhi":-1,"quantIR":9,"quantITheta":3,"r":64.1218626977778,"scenePolarPhi":-0.2930448236704254,"scenePolarR":178.00026615060227,"scenePolarTheta":0.7780145091086509,"stepPhi":0.26179938779914946,"stepR":20,"stepTheta":0.26179938779914946,"type":"Pulse"}