{"id":"8","localPolars":[{"to":"10","quantITheta":58,"quantIPhi":-165,"quantIR":27,"stepTheta":0.017453292519943295,"stepPhi":0.017453292519943295,"stepR":2},{"to":"5","quantITheta":114,"quantIPhi":115,"quantIR":35,"stepTheta":0.017453292519943295,"stepPhi":0.017453292519943295,"stepR":2}],"quantIPhi":-1,"quantIR":9,"quantITheta":3,"r":64.1218626977778,"stepPhi":0.26179938779914946,"stepR":20.0,"stepTheta":0.26179938779914946,"type":"Pulse"}