{"id":"8","localPolars":[{"to":"10","quantITheta":55,"quantIPhi":-155,"quantIR":34,"stepTheta":0.017453292519943295,"stepPhi":0.017453292519943295,"stepR":2},{"to":"5","quantITheta":109,"quantIPhi":142,"quantIR":38,"stepTheta":0.017453292519943295,"stepPhi":0.017453292519943295,"stepR":2}],"quantIPhi":-1,"quantIR":9,"quantITheta":3,"r":64.1218626977778,"scenePolarPhi":-0.16240233035199025,"scenePolarR":175.24633669975054,"scenePolarTheta":0.8408175465537999,"stepPhi":0.26179938779914946,"stepR":20,"stepTheta":0.26179938779914946,"type":"Pulse"}