{"id":"8","localPolars":[{"to":"10","quantITheta":52,"quantIPhi":-162,"quantIR":25,"stepTheta":0.017453292519943295,"stepPhi":0.017453292519943295,"stepR":2},{"to":"5","quantITheta":115,"quantIPhi":127,"quantIR":40,"stepTheta":0.017453292519943295,"stepPhi":0.017453292519943295,"stepR":2}],"quantIPhi":-1,"quantIR":9,"quantITheta":3,"r":64.1218626977778,"scenePolarPhi":-0.3182433315638763,"scenePolarR":182.55111897398933,"scenePolarTheta":0.7850018520426284,"stepPhi":0.26179938779914946,"stepR":20,"stepTheta":0.26179938779914946,"type":"Pulse"}