{"id":"8","localPolars":[{"to":"10","quantITheta":61,"quantIPhi":-149,"quantIR":28,"stepTheta":0.017453292519943295,"stepPhi":0.017453292519943295,"stepR":2},{"to":"5","quantITheta":104,"quantIPhi":152,"quantIR":35,"stepTheta":0.017453292519943295,"stepPhi":0.017453292519943295,"stepR":2}],"quantIPhi":0,"quantIR":8,"quantITheta":4,"r":64.1218626977778,"scenePolarPhi":0.02671240820272933,"scenePolarR":155.2245357480718,"scenePolarTheta":1.0210376443132163,"stepPhi":0.26179938779914946,"stepR":20,"stepTheta":0.26179938779914946,"type":"Pulse"}