{"x":21.666099893837057,"y":316.12315030222146,"z":0}