{"x":305.45100162749105,"y":217.90204787725963,"z":0}