{"x":170.38969881056465,"y":353.68043514753276,"z":0}