{"x":189.73506478337225,"y":317.60149773559147,"z":0}