{"x":322.3552330211845,"y":316.7517599895391,"z":0}