{"x":307.6311371254607,"y":330.3529397551678,"z":0}