{"x":348.62060960353796,"y":313.9289912856246,"z":0}