{"x":344.9833129037068,"y":311.9545372525407,"z":0}