{"x":323.0611353768294,"y":328.33198489585465,"z":0}