{"x":311.26028222663916,"y":287.70538250934374,"z":0}