{"x":322.42321538635105,"y":287.183813076354,"z":0}