{"x":355.58616941759664,"y":283.9191362030468,"z":0}