{"x":263.645339223839,"y":236.8212073386582,"z":0}