{"x":246.83367871396752,"y":313.4575218467147,"z":0}