{"x":23.624234203946486,"y":424.676127470855,"z":0}