{"x":281.98126967374368,"y":289.33199507698385,"z":0}