{"x":223.6781755966797,"y":319.38561086889257,"z":0}