{"x":241.60730432630288,"y":261.9122301644286,"z":0}