{"x":246.4285892487352,"y":489.5393585483618,"z":0}