{"x":169.4975592339979,"y":335.0874607508783,"z":0}